,CustomerID,CategoryTypeCode,TransDate,BudgetID,TransAmount,AllocatedAmount,Week
0,101271.0,03,2021-11-01,10127120161203.0,40.0,200.0,2021-11-01
1,101271.0,03,2021-11-02,0.0,0.0,200.0,2021-11-01
2,101271.0,03,2021-11-03,0.0,0.0,200.0,2021-11-01
3,101271.0,03,2021-11-04,0.0,0.0,200.0,2021-11-01
4,101271.0,03,2021-11-05,0.0,0.0,200.0,2021-11-01
5,101271.0,03,2021-11-06,0.0,0.0,200.0,2021-11-01
6,101271.0,03,2021-11-07,0.0,0.0,200.0,2021-11-01
30,101271.0,07,2021-11-01,10127120161207.0,2.0,10.0,2021-11-01
31,101271.0,07,2021-11-02,0.0,0.0,10.0,2021-11-01
32,101271.0,07,2021-11-03,0.0,0.0,10.0,2021-11-01
33,101271.0,07,2021-11-04,0.0,0.0,10.0,2021-11-01
34,101271.0,07,2021-11-05,0.0,0.0,10.0,2021-11-01
35,101271.0,07,2021-11-06,0.0,0.0,10.0,2021-11-01
36,101271.0,07,2021-11-07,0.0,0.0,10.0,2021-11-01
60,101271.0,08,2021-11-01,10127120161208.0,6.0,30.0,2021-11-01
61,101271.0,08,2021-11-02,0.0,0.0,30.0,2021-11-01
62,101271.0,08,2021-11-03,0.0,0.0,30.0,2021-11-01
63,101271.0,08,2021-11-04,0.0,0.0,30.0,2021-11-01
64,101271.0,08,2021-11-05,0.0,0.0,30.0,2021-11-01
65,101271.0,08,2021-11-06,0.0,0.0,30.0,2021-11-01
66,101271.0,08,2021-11-07,0.0,0.0,30.0,2021-11-01
90,101271.0,09,2021-11-01,10127120161209.0,10.0,50.0,2021-11-01
91,101271.0,09,2021-11-02,0.0,0.0,50.0,2021-11-01
92,101271.0,09,2021-11-03,0.0,0.0,50.0,2021-11-01
93,101271.0,09,2021-11-04,0.0,0.0,50.0,2021-11-01
94,101271.0,09,2021-11-05,0.0,0.0,50.0,2021-11-01
95,101271.0,09,2021-11-06,0.0,0.0,50.0,2021-11-01
96,101271.0,09,2021-11-07,0.0,0.0,50.0,2021-11-01
7,101271.0,03,2021-11-08,10127120161203.0,12.0,200.0,2021-11-08
8,101271.0,03,2021-11-09,0.0,0.0,200.0,2021-11-08
9,101271.0,03,2021-11-10,0.0,0.0,200.0,2021-11-08
10,101271.0,03,2021-11-11,0.0,0.0,200.0,2021-11-08
11,101271.0,03,2021-11-12,0.0,0.0,200.0,2021-11-08
12,101271.0,03,2021-11-13,0.0,0.0,200.0,2021-11-08
13,101271.0,03,2021-11-14,0.0,0.0,200.0,2021-11-08
37,101271.0,07,2021-11-08,10127120161207.0,2.5,10.0,2021-11-08
38,101271.0,07,2021-11-09,0.0,0.0,10.0,2021-11-08
39,101271.0,07,2021-11-10,0.0,0.0,10.0,2021-11-08
40,101271.0,07,2021-11-11,0.0,0.0,10.0,2021-11-08
41,101271.0,07,2021-11-12,0.0,0.0,10.0,2021-11-08
42,101271.0,07,2021-11-13,0.0,0.0,10.0,2021-11-08
43,101271.0,07,2021-11-14,0.0,0.0,10.0,2021-11-08
67,101271.0,08,2021-11-08,10127120161208.0,7.5,30.0,2021-11-08
68,101271.0,08,2021-11-09,0.0,0.0,30.0,2021-11-08
69,101271.0,08,2021-11-10,0.0,0.0,30.0,2021-11-08
70,101271.0,08,2021-11-11,0.0,0.0,30.0,2021-11-08
71,101271.0,08,2021-11-12,0.0,0.0,30.0,2021-11-08
72,101271.0,08,2021-11-13,0.0,0.0,30.0,2021-11-08
73,101271.0,08,2021-11-14,0.0,0.0,30.0,2021-11-08
97,101271.0,09,2021-11-08,10127120161209.0,12.5,50.0,2021-11-08
98,101271.0,09,2021-11-09,0.0,0.0,50.0,2021-11-08
99,101271.0,09,2021-11-10,0.0,0.0,50.0,2021-11-08
100,101271.0,09,2021-11-11,0.0,0.0,50.0,2021-11-08
101,101271.0,09,2021-11-12,0.0,0.0,50.0,2021-11-08
102,101271.0,09,2021-11-13,0.0,0.0,50.0,2021-11-08
103,101271.0,09,2021-11-14,0.0,0.0,50.0,2021-11-08
14,101271.0,03,2021-11-15,10127120161203.0,35.0,200.0,2021-11-15
15,101271.0,03,2021-11-16,0.0,0.0,200.0,2021-11-15
16,101271.0,03,2021-11-17,0.0,0.0,200.0,2021-11-15
17,101271.0,03,2021-11-18,0.0,0.0,200.0,2021-11-15
18,101271.0,03,2021-11-19,0.0,0.0,200.0,2021-11-15
19,101271.0,03,2021-11-20,0.0,0.0,200.0,2021-11-15
20,101271.0,03,2021-11-21,0.0,0.0,200.0,2021-11-15
44,101271.0,07,2021-11-15,10127120161207.0,1.5,10.0,2021-11-15
45,101271.0,07,2021-11-16,0.0,0.0,10.0,2021-11-15
46,101271.0,07,2021-11-17,0.0,0.0,10.0,2021-11-15
47,101271.0,07,2021-11-18,0.0,0.0,10.0,2021-11-15
48,101271.0,07,2021-11-19,0.0,0.0,10.0,2021-11-15
49,101271.0,07,2021-11-20,0.0,0.0,10.0,2021-11-15
50,101271.0,07,2021-11-21,0.0,0.0,10.0,2021-11-15
74,101271.0,08,2021-11-15,10127120161208.0,4.5,30.0,2021-11-15
75,101271.0,08,2021-11-16,0.0,0.0,30.0,2021-11-15
76,101271.0,08,2021-11-17,0.0,0.0,30.0,2021-11-15
77,101271.0,08,2021-11-18,0.0,0.0,30.0,2021-11-15
78,101271.0,08,2021-11-19,0.0,0.0,30.0,2021-11-15
79,101271.0,08,2021-11-20,0.0,0.0,30.0,2021-11-15
80,101271.0,08,2021-11-21,0.0,0.0,30.0,2021-11-15
104,101271.0,09,2021-11-15,10127120161209.0,7.5,50.0,2021-11-15
105,101271.0,09,2021-11-16,0.0,0.0,50.0,2021-11-15
106,101271.0,09,2021-11-17,0.0,0.0,50.0,2021-11-15
107,101271.0,09,2021-11-18,0.0,0.0,50.0,2021-11-15
108,101271.0,09,2021-11-19,0.0,0.0,50.0,2021-11-15
109,101271.0,09,2021-11-20,0.0,0.0,50.0,2021-11-15
110,101271.0,09,2021-11-21,0.0,0.0,50.0,2021-11-15
21,101271.0,03,2021-11-22,0.0,0.0,200.0,2021-11-22
22,101271.0,03,2021-11-23,0.0,0.0,200.0,2021-11-22
23,101271.0,03,2021-11-24,0.0,0.0,200.0,2021-11-22
24,101271.0,03,2021-11-25,0.0,0.0,200.0,2021-11-22
25,101271.0,03,2021-11-26,0.0,0.0,200.0,2021-11-22
26,101271.0,03,2021-11-27,0.0,0.0,200.0,2021-11-22
27,101271.0,03,2021-11-28,0.0,0.0,200.0,2021-11-22
28,101271.0,03,2021-11-29,0.0,0.0,200.0,2021-11-22
29,101271.0,03,2021-11-30,0.0,0.0,200.0,2021-11-22
51,101271.0,07,2021-11-22,0.0,0.0,10.0,2021-11-22
52,101271.0,07,2021-11-23,0.0,0.0,10.0,2021-11-22
53,101271.0,07,2021-11-24,0.0,0.0,10.0,2021-11-22
54,101271.0,07,2021-11-25,0.0,0.0,10.0,2021-11-22
55,101271.0,07,2021-11-26,0.0,0.0,10.0,2021-11-22
56,101271.0,07,2021-11-27,0.0,0.0,10.0,2021-11-22
57,101271.0,07,2021-11-28,0.0,0.0,10.0,2021-11-22
58,101271.0,07,2021-11-29,0.0,0.0,10.0,2021-11-22
59,101271.0,07,2021-11-30,0.0,0.0,10.0,2021-11-22
81,101271.0,08,2021-11-22,0.0,0.0,30.0,2021-11-22
82,101271.0,08,2021-11-23,0.0,0.0,30.0,2021-11-22
83,101271.0,08,2021-11-24,0.0,0.0,30.0,2021-11-22
84,101271.0,08,2021-11-25,0.0,0.0,30.0,2021-11-22
85,101271.0,08,2021-11-26,0.0,0.0,30.0,2021-11-22
86,101271.0,08,2021-11-27,0.0,0.0,30.0,2021-11-22
87,101271.0,08,2021-11-28,0.0,0.0,30.0,2021-11-22
88,101271.0,08,2021-11-29,0.0,0.0,30.0,2021-11-22
89,101271.0,08,2021-11-30,0.0,0.0,30.0,2021-11-22
111,101271.0,09,2021-11-22,0.0,0.0,50.0,2021-11-22
112,101271.0,09,2021-11-23,0.0,0.0,50.0,2021-11-22
113,101271.0,09,2021-11-24,0.0,0.0,50.0,2021-11-22
114,101271.0,09,2021-11-25,0.0,0.0,50.0,2021-11-22
115,101271.0,09,2021-11-26,0.0,0.0,50.0,2021-11-22
116,101271.0,09,2021-11-27,0.0,0.0,50.0,2021-11-22
117,101271.0,09,2021-11-28,0.0,0.0,50.0,2021-11-22
118,101271.0,09,2021-11-29,0.0,0.0,50.0,2021-11-22
119,101271.0,09,2021-11-30,0.0,0.0,50.0,2021-11-22
120,104223.0,03,2021-11-01,10422320161203.0,87.0,290.0,2021-11-01
121,104223.0,03,2021-11-02,0.0,0.0,290.0,2021-11-01
122,104223.0,03,2021-11-03,0.0,0.0,290.0,2021-11-01
123,104223.0,03,2021-11-04,0.0,0.0,290.0,2021-11-01
124,104223.0,03,2021-11-05,0.0,0.0,290.0,2021-11-01
125,104223.0,03,2021-11-06,0.0,0.0,290.0,2021-11-01
126,104223.0,03,2021-11-07,0.0,0.0,290.0,2021-11-01
150,104223.0,07,2021-11-01,10422320161207.0,0.0,30.0,2021-11-01
151,104223.0,07,2021-11-02,0.0,0.0,30.0,2021-11-01
152,104223.0,07,2021-11-03,0.0,0.0,30.0,2021-11-01
153,104223.0,07,2021-11-04,0.0,0.0,30.0,2021-11-01
154,104223.0,07,2021-11-05,0.0,0.0,30.0,2021-11-01
155,104223.0,07,2021-11-06,0.0,0.0,30.0,2021-11-01
156,104223.0,07,2021-11-07,0.0,0.0,30.0,2021-11-01
180,104223.0,08,2021-11-01,10422320161208.0,0.0,40.0,2021-11-01
181,104223.0,08,2021-11-02,0.0,0.0,40.0,2021-11-01
182,104223.0,08,2021-11-03,0.0,0.0,40.0,2021-11-01
183,104223.0,08,2021-11-04,0.0,0.0,40.0,2021-11-01
184,104223.0,08,2021-11-05,0.0,0.0,40.0,2021-11-01
185,104223.0,08,2021-11-06,0.0,0.0,40.0,2021-11-01
186,104223.0,08,2021-11-07,0.0,0.0,40.0,2021-11-01
210,104223.0,09,2021-11-01,10422320161209.0,30.0,100.0,2021-11-01
211,104223.0,09,2021-11-02,0.0,0.0,100.0,2021-11-01
212,104223.0,09,2021-11-03,0.0,0.0,100.0,2021-11-01
213,104223.0,09,2021-11-04,0.0,0.0,100.0,2021-11-01
214,104223.0,09,2021-11-05,0.0,0.0,100.0,2021-11-01
215,104223.0,09,2021-11-06,0.0,0.0,100.0,2021-11-01
216,104223.0,09,2021-11-07,0.0,0.0,100.0,2021-11-01
127,104223.0,03,2021-11-08,10422320161203.0,12.0,290.0,2021-11-08
128,104223.0,03,2021-11-09,0.0,0.0,290.0,2021-11-08
129,104223.0,03,2021-11-10,0.0,0.0,290.0,2021-11-08
130,104223.0,03,2021-11-11,0.0,0.0,290.0,2021-11-08
131,104223.0,03,2021-11-12,0.0,0.0,290.0,2021-11-08
132,104223.0,03,2021-11-13,0.0,0.0,290.0,2021-11-08
133,104223.0,03,2021-11-14,0.0,0.0,290.0,2021-11-08
157,104223.0,07,2021-11-08,10422320161207.0,12.0,30.0,2021-11-08
158,104223.0,07,2021-11-09,0.0,0.0,30.0,2021-11-08
159,104223.0,07,2021-11-10,0.0,0.0,30.0,2021-11-08
160,104223.0,07,2021-11-11,0.0,0.0,30.0,2021-11-08
161,104223.0,07,2021-11-12,0.0,0.0,30.0,2021-11-08
162,104223.0,07,2021-11-13,0.0,0.0,30.0,2021-11-08
163,104223.0,07,2021-11-14,0.0,0.0,30.0,2021-11-08
187,104223.0,08,2021-11-08,10422320161208.0,12.0,40.0,2021-11-08
188,104223.0,08,2021-11-09,0.0,0.0,40.0,2021-11-08
189,104223.0,08,2021-11-10,0.0,0.0,40.0,2021-11-08
190,104223.0,08,2021-11-11,0.0,0.0,40.0,2021-11-08
191,104223.0,08,2021-11-12,0.0,0.0,40.0,2021-11-08
192,104223.0,08,2021-11-13,0.0,0.0,40.0,2021-11-08
193,104223.0,08,2021-11-14,0.0,0.0,40.0,2021-11-08
217,104223.0,09,2021-11-08,10422320161209.0,20.0,100.0,2021-11-08
218,104223.0,09,2021-11-09,0.0,0.0,100.0,2021-11-08
219,104223.0,09,2021-11-10,0.0,0.0,100.0,2021-11-08
220,104223.0,09,2021-11-11,0.0,0.0,100.0,2021-11-08
221,104223.0,09,2021-11-12,0.0,0.0,100.0,2021-11-08
222,104223.0,09,2021-11-13,0.0,0.0,100.0,2021-11-08
223,104223.0,09,2021-11-14,0.0,0.0,100.0,2021-11-08
134,104223.0,03,2021-11-15,10422320161203.0,35.0,290.0,2021-11-15
135,104223.0,03,2021-11-16,0.0,0.0,290.0,2021-11-15
136,104223.0,03,2021-11-17,0.0,0.0,290.0,2021-11-15
137,104223.0,03,2021-11-18,0.0,0.0,290.0,2021-11-15
138,104223.0,03,2021-11-19,0.0,0.0,290.0,2021-11-15
139,104223.0,03,2021-11-20,0.0,0.0,290.0,2021-11-15
140,104223.0,03,2021-11-21,0.0,0.0,290.0,2021-11-15
164,104223.0,07,2021-11-15,10422320161207.0,35.0,30.0,2021-11-15
165,104223.0,07,2021-11-16,0.0,0.0,30.0,2021-11-15
166,104223.0,07,2021-11-17,0.0,0.0,30.0,2021-11-15
167,104223.0,07,2021-11-18,0.0,0.0,30.0,2021-11-15
168,104223.0,07,2021-11-19,0.0,0.0,30.0,2021-11-15
169,104223.0,07,2021-11-20,0.0,0.0,30.0,2021-11-15
170,104223.0,07,2021-11-21,0.0,0.0,30.0,2021-11-15
194,104223.0,08,2021-11-15,10422320161208.0,35.0,40.0,2021-11-15
195,104223.0,08,2021-11-16,0.0,0.0,40.0,2021-11-15
196,104223.0,08,2021-11-17,0.0,0.0,40.0,2021-11-15
197,104223.0,08,2021-11-18,0.0,0.0,40.0,2021-11-15
198,104223.0,08,2021-11-19,0.0,0.0,40.0,2021-11-15
199,104223.0,08,2021-11-20,0.0,0.0,40.0,2021-11-15
200,104223.0,08,2021-11-21,0.0,0.0,40.0,2021-11-15
224,104223.0,09,2021-11-15,10422320161209.0,25.0,100.0,2021-11-15
225,104223.0,09,2021-11-16,0.0,0.0,100.0,2021-11-15
226,104223.0,09,2021-11-17,0.0,0.0,100.0,2021-11-15
227,104223.0,09,2021-11-18,0.0,0.0,100.0,2021-11-15
228,104223.0,09,2021-11-19,0.0,0.0,100.0,2021-11-15
229,104223.0,09,2021-11-20,0.0,0.0,100.0,2021-11-15
230,104223.0,09,2021-11-21,0.0,0.0,100.0,2021-11-15
141,104223.0,03,2021-11-22,0.0,0.0,290.0,2021-11-22
142,104223.0,03,2021-11-23,0.0,0.0,290.0,2021-11-22
143,104223.0,03,2021-11-24,0.0,0.0,290.0,2021-11-22
144,104223.0,03,2021-11-25,0.0,0.0,290.0,2021-11-22
145,104223.0,03,2021-11-26,0.0,0.0,290.0,2021-11-22
146,104223.0,03,2021-11-27,0.0,0.0,290.0,2021-11-22
147,104223.0,03,2021-11-28,0.0,0.0,290.0,2021-11-22
148,104223.0,03,2021-11-29,0.0,0.0,290.0,2021-11-22
149,104223.0,03,2021-11-30,0.0,0.0,290.0,2021-11-22
171,104223.0,07,2021-11-22,0.0,0.0,30.0,2021-11-22
172,104223.0,07,2021-11-23,0.0,0.0,30.0,2021-11-22
173,104223.0,07,2021-11-24,0.0,0.0,30.0,2021-11-22
174,104223.0,07,2021-11-25,0.0,0.0,30.0,2021-11-22
175,104223.0,07,2021-11-26,0.0,0.0,30.0,2021-11-22
176,104223.0,07,2021-11-27,0.0,0.0,30.0,2021-11-22
177,104223.0,07,2021-11-28,0.0,0.0,30.0,2021-11-22
178,104223.0,07,2021-11-29,0.0,0.0,30.0,2021-11-22
179,104223.0,07,2021-11-30,0.0,0.0,30.0,2021-11-22
201,104223.0,08,2021-11-22,0.0,0.0,40.0,2021-11-22
202,104223.0,08,2021-11-23,0.0,0.0,40.0,2021-11-22
203,104223.0,08,2021-11-24,0.0,0.0,40.0,2021-11-22
204,104223.0,08,2021-11-25,0.0,0.0,40.0,2021-11-22
205,104223.0,08,2021-11-26,0.0,0.0,40.0,2021-11-22
206,104223.0,08,2021-11-27,0.0,0.0,40.0,2021-11-22
207,104223.0,08,2021-11-28,0.0,0.0,40.0,2021-11-22
208,104223.0,08,2021-11-29,0.0,0.0,40.0,2021-11-22
209,104223.0,08,2021-11-30,0.0,0.0,40.0,2021-11-22
231,104223.0,09,2021-11-22,0.0,0.0,100.0,2021-11-22
232,104223.0,09,2021-11-23,0.0,0.0,100.0,2021-11-22
233,104223.0,09,2021-11-24,0.0,0.0,100.0,2021-11-22
234,104223.0,09,2021-11-25,0.0,0.0,100.0,2021-11-22
235,104223.0,09,2021-11-26,0.0,0.0,100.0,2021-11-22
236,104223.0,09,2021-11-27,0.0,0.0,100.0,2021-11-22
237,104223.0,09,2021-11-28,0.0,0.0,100.0,2021-11-22
238,104223.0,09,2021-11-29,0.0,0.0,100.0,2021-11-22
239,104223.0,09,2021-11-30,0.0,0.0,100.0,2021-11-22
240,105255.0,03,2021-11-01,10525520161203.0,164.0,410.0,2021-11-01
241,105255.0,03,2021-11-02,0.0,0.0,410.0,2021-11-01
242,105255.0,03,2021-11-03,0.0,0.0,410.0,2021-11-01
243,105255.0,03,2021-11-04,0.0,0.0,410.0,2021-11-01
244,105255.0,03,2021-11-05,0.0,0.0,410.0,2021-11-01
245,105255.0,03,2021-11-06,0.0,0.0,410.0,2021-11-01
246,105255.0,03,2021-11-07,0.0,0.0,410.0,2021-11-01
270,105255.0,07,2021-11-01,10525520161207.0,50.0,50.0,2021-11-01
271,105255.0,07,2021-11-02,0.0,0.0,50.0,2021-11-01
272,105255.0,07,2021-11-03,0.0,0.0,50.0,2021-11-01
273,105255.0,07,2021-11-04,0.0,0.0,50.0,2021-11-01
274,105255.0,07,2021-11-05,0.0,0.0,50.0,2021-11-01
275,105255.0,07,2021-11-06,0.0,0.0,50.0,2021-11-01
276,105255.0,07,2021-11-07,0.0,0.0,50.0,2021-11-01
300,105255.0,08,2021-11-01,10525520161208.0,65.0,65.0,2021-11-01
301,105255.0,08,2021-11-02,0.0,0.0,65.0,2021-11-01
302,105255.0,08,2021-11-03,0.0,0.0,65.0,2021-11-01
303,105255.0,08,2021-11-04,0.0,0.0,65.0,2021-11-01
304,105255.0,08,2021-11-05,0.0,0.0,65.0,2021-11-01
305,105255.0,08,2021-11-06,0.0,0.0,65.0,2021-11-01
306,105255.0,08,2021-11-07,0.0,0.0,65.0,2021-11-01
330,105255.0,09,2021-11-01,10525520161209.0,80.0,200.0,2021-11-01
331,105255.0,09,2021-11-02,0.0,0.0,200.0,2021-11-01
332,105255.0,09,2021-11-03,0.0,0.0,200.0,2021-11-01
333,105255.0,09,2021-11-04,0.0,0.0,200.0,2021-11-01
334,105255.0,09,2021-11-05,0.0,0.0,200.0,2021-11-01
335,105255.0,09,2021-11-06,0.0,0.0,200.0,2021-11-01
336,105255.0,09,2021-11-07,0.0,0.0,200.0,2021-11-01
247,105255.0,03,2021-11-08,10525520161203.0,12.0,410.0,2021-11-08
248,105255.0,03,2021-11-09,0.0,0.0,410.0,2021-11-08
249,105255.0,03,2021-11-10,0.0,0.0,410.0,2021-11-08
250,105255.0,03,2021-11-11,0.0,0.0,410.0,2021-11-08
251,105255.0,03,2021-11-12,0.0,0.0,410.0,2021-11-08
252,105255.0,03,2021-11-13,0.0,0.0,410.0,2021-11-08
253,105255.0,03,2021-11-14,0.0,0.0,410.0,2021-11-08
277,105255.0,07,2021-11-08,10525520161207.0,12.0,50.0,2021-11-08
278,105255.0,07,2021-11-09,0.0,0.0,50.0,2021-11-08
279,105255.0,07,2021-11-10,0.0,0.0,50.0,2021-11-08
280,105255.0,07,2021-11-11,0.0,0.0,50.0,2021-11-08
281,105255.0,07,2021-11-12,0.0,0.0,50.0,2021-11-08
282,105255.0,07,2021-11-13,0.0,0.0,50.0,2021-11-08
283,105255.0,07,2021-11-14,0.0,0.0,50.0,2021-11-08
307,105255.0,08,2021-11-08,10525520161208.0,12.0,65.0,2021-11-08
308,105255.0,08,2021-11-09,0.0,0.0,65.0,2021-11-08
309,105255.0,08,2021-11-10,0.0,0.0,65.0,2021-11-08
310,105255.0,08,2021-11-11,0.0,0.0,65.0,2021-11-08
311,105255.0,08,2021-11-12,0.0,0.0,65.0,2021-11-08
312,105255.0,08,2021-11-13,0.0,0.0,65.0,2021-11-08
313,105255.0,08,2021-11-14,0.0,0.0,65.0,2021-11-08
337,105255.0,09,2021-11-08,10525520161209.0,40.0,200.0,2021-11-08
338,105255.0,09,2021-11-09,0.0,0.0,200.0,2021-11-08
339,105255.0,09,2021-11-10,0.0,0.0,200.0,2021-11-08
340,105255.0,09,2021-11-11,0.0,0.0,200.0,2021-11-08
341,105255.0,09,2021-11-12,0.0,0.0,200.0,2021-11-08
342,105255.0,09,2021-11-13,0.0,0.0,200.0,2021-11-08
343,105255.0,09,2021-11-14,0.0,0.0,200.0,2021-11-08
254,105255.0,03,2021-11-15,10525520161203.0,35.0,410.0,2021-11-15
255,105255.0,03,2021-11-16,0.0,0.0,410.0,2021-11-15
256,105255.0,03,2021-11-17,0.0,0.0,410.0,2021-11-15
257,105255.0,03,2021-11-18,0.0,0.0,410.0,2021-11-15
258,105255.0,03,2021-11-19,0.0,0.0,410.0,2021-11-15
259,105255.0,03,2021-11-20,0.0,0.0,410.0,2021-11-15
260,105255.0,03,2021-11-21,0.0,0.0,410.0,2021-11-15
284,105255.0,07,2021-11-15,10525520161207.0,35.0,50.0,2021-11-15
285,105255.0,07,2021-11-16,0.0,0.0,50.0,2021-11-15
286,105255.0,07,2021-11-17,0.0,0.0,50.0,2021-11-15
287,105255.0,07,2021-11-18,0.0,0.0,50.0,2021-11-15
288,105255.0,07,2021-11-19,0.0,0.0,50.0,2021-11-15
289,105255.0,07,2021-11-20,0.0,0.0,50.0,2021-11-15
290,105255.0,07,2021-11-21,0.0,0.0,50.0,2021-11-15
314,105255.0,08,2021-11-15,10525520161208.0,35.0,65.0,2021-11-15
315,105255.0,08,2021-11-16,0.0,0.0,65.0,2021-11-15
316,105255.0,08,2021-11-17,0.0,0.0,65.0,2021-11-15
317,105255.0,08,2021-11-18,0.0,0.0,65.0,2021-11-15
318,105255.0,08,2021-11-19,0.0,0.0,65.0,2021-11-15
319,105255.0,08,2021-11-20,0.0,0.0,65.0,2021-11-15
320,105255.0,08,2021-11-21,0.0,0.0,65.0,2021-11-15
344,105255.0,09,2021-11-15,10525520161209.0,20.0,200.0,2021-11-15
345,105255.0,09,2021-11-16,0.0,0.0,200.0,2021-11-15
346,105255.0,09,2021-11-17,0.0,0.0,200.0,2021-11-15
347,105255.0,09,2021-11-18,0.0,0.0,200.0,2021-11-15
348,105255.0,09,2021-11-19,0.0,0.0,200.0,2021-11-15
349,105255.0,09,2021-11-20,0.0,0.0,200.0,2021-11-15
350,105255.0,09,2021-11-21,0.0,0.0,200.0,2021-11-15
261,105255.0,03,2021-11-22,0.0,0.0,410.0,2021-11-22
262,105255.0,03,2021-11-23,0.0,0.0,410.0,2021-11-22
263,105255.0,03,2021-11-24,0.0,0.0,410.0,2021-11-22
264,105255.0,03,2021-11-25,0.0,0.0,410.0,2021-11-22
265,105255.0,03,2021-11-26,0.0,0.0,410.0,2021-11-22
266,105255.0,03,2021-11-27,0.0,0.0,410.0,2021-11-22
267,105255.0,03,2021-11-28,0.0,0.0,410.0,2021-11-22
268,105255.0,03,2021-11-29,0.0,0.0,410.0,2021-11-22
269,105255.0,03,2021-11-30,0.0,0.0,410.0,2021-11-22
291,105255.0,07,2021-11-22,0.0,0.0,50.0,2021-11-22
292,105255.0,07,2021-11-23,0.0,0.0,50.0,2021-11-22
293,105255.0,07,2021-11-24,0.0,0.0,50.0,2021-11-22
294,105255.0,07,2021-11-25,0.0,0.0,50.0,2021-11-22
295,105255.0,07,2021-11-26,0.0,0.0,50.0,2021-11-22
296,105255.0,07,2021-11-27,0.0,0.0,50.0,2021-11-22
297,105255.0,07,2021-11-28,0.0,0.0,50.0,2021-11-22
298,105255.0,07,2021-11-29,0.0,0.0,50.0,2021-11-22
299,105255.0,07,2021-11-30,0.0,0.0,50.0,2021-11-22
321,105255.0,08,2021-11-22,0.0,0.0,65.0,2021-11-22
322,105255.0,08,2021-11-23,0.0,0.0,65.0,2021-11-22
323,105255.0,08,2021-11-24,0.0,0.0,65.0,2021-11-22
324,105255.0,08,2021-11-25,0.0,0.0,65.0,2021-11-22
325,105255.0,08,2021-11-26,0.0,0.0,65.0,2021-11-22
326,105255.0,08,2021-11-27,0.0,0.0,65.0,2021-11-22
327,105255.0,08,2021-11-28,0.0,0.0,65.0,2021-11-22
328,105255.0,08,2021-11-29,0.0,0.0,65.0,2021-11-22
329,105255.0,08,2021-11-30,0.0,0.0,65.0,2021-11-22
351,105255.0,09,2021-11-22,0.0,0.0,200.0,2021-11-22
352,105255.0,09,2021-11-23,0.0,0.0,200.0,2021-11-22
353,105255.0,09,2021-11-24,0.0,0.0,200.0,2021-11-22
354,105255.0,09,2021-11-25,0.0,0.0,200.0,2021-11-22
355,105255.0,09,2021-11-26,0.0,0.0,200.0,2021-11-22
356,105255.0,09,2021-11-27,0.0,0.0,200.0,2021-11-22
357,105255.0,09,2021-11-28,0.0,0.0,200.0,2021-11-22
358,105255.0,09,2021-11-29,0.0,0.0,200.0,2021-11-22
359,105255.0,09,2021-11-30,0.0,0.0,200.0,2021-11-22
360,111610.0,03,2021-11-01,11161020161203.0,100.0,500.0,2021-11-01
361,111610.0,03,2021-11-02,0.0,0.0,500.0,2021-11-01
362,111610.0,03,2021-11-03,0.0,0.0,500.0,2021-11-01
363,111610.0,03,2021-11-04,0.0,0.0,500.0,2021-11-01
364,111610.0,03,2021-11-05,0.0,0.0,500.0,2021-11-01
365,111610.0,03,2021-11-06,0.0,0.0,500.0,2021-11-01
366,111610.0,03,2021-11-07,0.0,0.0,500.0,2021-11-01
390,111610.0,07,2021-11-01,11161020161207.0,16.0,80.0,2021-11-01
391,111610.0,07,2021-11-02,0.0,0.0,80.0,2021-11-01
392,111610.0,07,2021-11-03,0.0,0.0,80.0,2021-11-01
393,111610.0,07,2021-11-04,0.0,0.0,80.0,2021-11-01
394,111610.0,07,2021-11-05,0.0,0.0,80.0,2021-11-01
395,111610.0,07,2021-11-06,0.0,0.0,80.0,2021-11-01
396,111610.0,07,2021-11-07,0.0,0.0,80.0,2021-11-01
420,111610.0,08,2021-11-01,11161020161208.0,150.0,150.0,2021-11-01
421,111610.0,08,2021-11-02,0.0,0.0,150.0,2021-11-01
422,111610.0,08,2021-11-03,0.0,0.0,150.0,2021-11-01
423,111610.0,08,2021-11-04,0.0,0.0,150.0,2021-11-01
424,111610.0,08,2021-11-05,0.0,0.0,150.0,2021-11-01
425,111610.0,08,2021-11-06,0.0,0.0,150.0,2021-11-01
426,111610.0,08,2021-11-07,0.0,0.0,150.0,2021-11-01
450,111610.0,09,2021-11-01,11161020161209.0,80.0,400.0,2021-11-01
451,111610.0,09,2021-11-02,0.0,0.0,400.0,2021-11-01
452,111610.0,09,2021-11-03,0.0,0.0,400.0,2021-11-01
453,111610.0,09,2021-11-04,0.0,0.0,400.0,2021-11-01
454,111610.0,09,2021-11-05,0.0,0.0,400.0,2021-11-01
455,111610.0,09,2021-11-06,0.0,0.0,400.0,2021-11-01
456,111610.0,09,2021-11-07,0.0,0.0,400.0,2021-11-01
367,111610.0,03,2021-11-08,11161020161203.0,125.0,500.0,2021-11-08
368,111610.0,03,2021-11-09,0.0,0.0,500.0,2021-11-08
369,111610.0,03,2021-11-10,0.0,0.0,500.0,2021-11-08
370,111610.0,03,2021-11-11,0.0,0.0,500.0,2021-11-08
371,111610.0,03,2021-11-12,0.0,0.0,500.0,2021-11-08
372,111610.0,03,2021-11-13,0.0,0.0,500.0,2021-11-08
373,111610.0,03,2021-11-14,0.0,0.0,500.0,2021-11-08
397,111610.0,07,2021-11-08,11161020161207.0,20.0,80.0,2021-11-08
398,111610.0,07,2021-11-09,0.0,0.0,80.0,2021-11-08
399,111610.0,07,2021-11-10,0.0,0.0,80.0,2021-11-08
400,111610.0,07,2021-11-11,0.0,0.0,80.0,2021-11-08
401,111610.0,07,2021-11-12,0.0,0.0,80.0,2021-11-08
402,111610.0,07,2021-11-13,0.0,0.0,80.0,2021-11-08
403,111610.0,07,2021-11-14,0.0,0.0,80.0,2021-11-08
427,111610.0,08,2021-11-08,11161020161208.0,12.0,150.0,2021-11-08
428,111610.0,08,2021-11-09,0.0,0.0,150.0,2021-11-08
429,111610.0,08,2021-11-10,0.0,0.0,150.0,2021-11-08
430,111610.0,08,2021-11-11,0.0,0.0,150.0,2021-11-08
431,111610.0,08,2021-11-12,0.0,0.0,150.0,2021-11-08
432,111610.0,08,2021-11-13,0.0,0.0,150.0,2021-11-08
433,111610.0,08,2021-11-14,0.0,0.0,150.0,2021-11-08
457,111610.0,09,2021-11-08,11161020161209.0,100.0,400.0,2021-11-08
458,111610.0,09,2021-11-09,0.0,0.0,400.0,2021-11-08
459,111610.0,09,2021-11-10,0.0,0.0,400.0,2021-11-08
460,111610.0,09,2021-11-11,0.0,0.0,400.0,2021-11-08
461,111610.0,09,2021-11-12,0.0,0.0,400.0,2021-11-08
462,111610.0,09,2021-11-13,0.0,0.0,400.0,2021-11-08
463,111610.0,09,2021-11-14,0.0,0.0,400.0,2021-11-08
374,111610.0,03,2021-11-15,11161020161203.0,75.0,500.0,2021-11-15
375,111610.0,03,2021-11-16,0.0,0.0,500.0,2021-11-15
376,111610.0,03,2021-11-17,0.0,0.0,500.0,2021-11-15
377,111610.0,03,2021-11-18,0.0,0.0,500.0,2021-11-15
378,111610.0,03,2021-11-19,0.0,0.0,500.0,2021-11-15
379,111610.0,03,2021-11-20,0.0,0.0,500.0,2021-11-15
380,111610.0,03,2021-11-21,0.0,0.0,500.0,2021-11-15
404,111610.0,07,2021-11-15,11161020161207.0,12.0,80.0,2021-11-15
405,111610.0,07,2021-11-16,0.0,0.0,80.0,2021-11-15
406,111610.0,07,2021-11-17,0.0,0.0,80.0,2021-11-15
407,111610.0,07,2021-11-18,0.0,0.0,80.0,2021-11-15
408,111610.0,07,2021-11-19,0.0,0.0,80.0,2021-11-15
409,111610.0,07,2021-11-20,0.0,0.0,80.0,2021-11-15
410,111610.0,07,2021-11-21,0.0,0.0,80.0,2021-11-15
434,111610.0,08,2021-11-15,11161020161208.0,35.0,150.0,2021-11-15
435,111610.0,08,2021-11-16,0.0,0.0,150.0,2021-11-15
436,111610.0,08,2021-11-17,0.0,0.0,150.0,2021-11-15
437,111610.0,08,2021-11-18,0.0,0.0,150.0,2021-11-15
438,111610.0,08,2021-11-19,0.0,0.0,150.0,2021-11-15
439,111610.0,08,2021-11-20,0.0,0.0,150.0,2021-11-15
440,111610.0,08,2021-11-21,0.0,0.0,150.0,2021-11-15
464,111610.0,09,2021-11-15,11161020161209.0,60.0,400.0,2021-11-15
465,111610.0,09,2021-11-16,0.0,0.0,400.0,2021-11-15
466,111610.0,09,2021-11-17,0.0,0.0,400.0,2021-11-15
467,111610.0,09,2021-11-18,0.0,0.0,400.0,2021-11-15
468,111610.0,09,2021-11-19,0.0,0.0,400.0,2021-11-15
469,111610.0,09,2021-11-20,0.0,0.0,400.0,2021-11-15
470,111610.0,09,2021-11-21,0.0,0.0,400.0,2021-11-15
381,111610.0,03,2021-11-22,0.0,0.0,500.0,2021-11-22
382,111610.0,03,2021-11-23,0.0,0.0,500.0,2021-11-22
383,111610.0,03,2021-11-24,0.0,0.0,500.0,2021-11-22
384,111610.0,03,2021-11-25,0.0,0.0,500.0,2021-11-22
385,111610.0,03,2021-11-26,0.0,0.0,500.0,2021-11-22
386,111610.0,03,2021-11-27,0.0,0.0,500.0,2021-11-22
387,111610.0,03,2021-11-28,0.0,0.0,500.0,2021-11-22
388,111610.0,03,2021-11-29,0.0,0.0,500.0,2021-11-22
389,111610.0,03,2021-11-30,0.0,0.0,500.0,2021-11-22
411,111610.0,07,2021-11-22,0.0,0.0,80.0,2021-11-22
412,111610.0,07,2021-11-23,0.0,0.0,80.0,2021-11-22
413,111610.0,07,2021-11-24,0.0,0.0,80.0,2021-11-22
414,111610.0,07,2021-11-25,0.0,0.0,80.0,2021-11-22
415,111610.0,07,2021-11-26,0.0,0.0,80.0,2021-11-22
416,111610.0,07,2021-11-27,0.0,0.0,80.0,2021-11-22
417,111610.0,07,2021-11-28,0.0,0.0,80.0,2021-11-22
418,111610.0,07,2021-11-29,0.0,0.0,80.0,2021-11-22
419,111610.0,07,2021-11-30,0.0,0.0,80.0,2021-11-22
441,111610.0,08,2021-11-22,0.0,0.0,150.0,2021-11-22
442,111610.0,08,2021-11-23,0.0,0.0,150.0,2021-11-22
443,111610.0,08,2021-11-24,0.0,0.0,150.0,2021-11-22
444,111610.0,08,2021-11-25,0.0,0.0,150.0,2021-11-22
445,111610.0,08,2021-11-26,0.0,0.0,150.0,2021-11-22
446,111610.0,08,2021-11-27,0.0,0.0,150.0,2021-11-22
447,111610.0,08,2021-11-28,0.0,0.0,150.0,2021-11-22
448,111610.0,08,2021-11-29,0.0,0.0,150.0,2021-11-22
449,111610.0,08,2021-11-30,0.0,0.0,150.0,2021-11-22
471,111610.0,09,2021-11-22,0.0,0.0,400.0,2021-11-22
472,111610.0,09,2021-11-23,0.0,0.0,400.0,2021-11-22
473,111610.0,09,2021-11-24,0.0,0.0,400.0,2021-11-22
474,111610.0,09,2021-11-25,0.0,0.0,400.0,2021-11-22
475,111610.0,09,2021-11-26,0.0,0.0,400.0,2021-11-22
476,111610.0,09,2021-11-27,0.0,0.0,400.0,2021-11-22
477,111610.0,09,2021-11-28,0.0,0.0,400.0,2021-11-22
478,111610.0,09,2021-11-29,0.0,0.0,400.0,2021-11-22
479,111610.0,09,2021-11-30,0.0,0.0,400.0,2021-11-22
480,124712.0,03,2021-11-01,12471220161203.0,120.0,200.0,2021-11-01
481,124712.0,03,2021-11-02,0.0,0.0,200.0,2021-11-01
482,124712.0,03,2021-11-03,0.0,0.0,200.0,2021-11-01
483,124712.0,03,2021-11-04,0.0,0.0,200.0,2021-11-01
484,124712.0,03,2021-11-05,0.0,0.0,200.0,2021-11-01
485,124712.0,03,2021-11-06,0.0,0.0,200.0,2021-11-01
486,124712.0,03,2021-11-07,0.0,0.0,200.0,2021-11-01
510,124712.0,07,2021-11-01,12471220161207.0,3.0,10.0,2021-11-01
511,124712.0,07,2021-11-02,0.0,0.0,10.0,2021-11-01
512,124712.0,07,2021-11-03,0.0,0.0,10.0,2021-11-01
513,124712.0,07,2021-11-04,0.0,0.0,10.0,2021-11-01
514,124712.0,07,2021-11-05,0.0,0.0,10.0,2021-11-01
515,124712.0,07,2021-11-06,0.0,0.0,10.0,2021-11-01
516,124712.0,07,2021-11-07,0.0,0.0,10.0,2021-11-01
540,124712.0,08,2021-11-01,12471220161208.0,18.0,30.0,2021-11-01
541,124712.0,08,2021-11-02,0.0,0.0,30.0,2021-11-01
542,124712.0,08,2021-11-03,0.0,0.0,30.0,2021-11-01
543,124712.0,08,2021-11-04,0.0,0.0,30.0,2021-11-01
544,124712.0,08,2021-11-05,0.0,0.0,30.0,2021-11-01
545,124712.0,08,2021-11-06,0.0,0.0,30.0,2021-11-01
546,124712.0,08,2021-11-07,0.0,0.0,30.0,2021-11-01
570,124712.0,09,2021-11-01,12471220161209.0,15.0,50.0,2021-11-01
571,124712.0,09,2021-11-02,0.0,0.0,50.0,2021-11-01
572,124712.0,09,2021-11-03,0.0,0.0,50.0,2021-11-01
573,124712.0,09,2021-11-04,0.0,0.0,50.0,2021-11-01
574,124712.0,09,2021-11-05,0.0,0.0,50.0,2021-11-01
575,124712.0,09,2021-11-06,0.0,0.0,50.0,2021-11-01
576,124712.0,09,2021-11-07,0.0,0.0,50.0,2021-11-01
487,124712.0,03,2021-11-08,12471220161203.0,12.0,200.0,2021-11-08
488,124712.0,03,2021-11-09,0.0,0.0,200.0,2021-11-08
489,124712.0,03,2021-11-10,0.0,0.0,200.0,2021-11-08
490,124712.0,03,2021-11-11,0.0,0.0,200.0,2021-11-08
491,124712.0,03,2021-11-12,0.0,0.0,200.0,2021-11-08
492,124712.0,03,2021-11-13,0.0,0.0,200.0,2021-11-08
493,124712.0,03,2021-11-14,0.0,0.0,200.0,2021-11-08
517,124712.0,07,2021-11-08,12471220161207.0,2.0,10.0,2021-11-08
518,124712.0,07,2021-11-09,0.0,0.0,10.0,2021-11-08
519,124712.0,07,2021-11-10,0.0,0.0,10.0,2021-11-08
520,124712.0,07,2021-11-11,0.0,0.0,10.0,2021-11-08
521,124712.0,07,2021-11-12,0.0,0.0,10.0,2021-11-08
522,124712.0,07,2021-11-13,0.0,0.0,10.0,2021-11-08
523,124712.0,07,2021-11-14,0.0,0.0,10.0,2021-11-08
547,124712.0,08,2021-11-08,12471220161208.0,12.0,30.0,2021-11-08
548,124712.0,08,2021-11-09,0.0,0.0,30.0,2021-11-08
549,124712.0,08,2021-11-10,0.0,0.0,30.0,2021-11-08
550,124712.0,08,2021-11-11,0.0,0.0,30.0,2021-11-08
551,124712.0,08,2021-11-12,0.0,0.0,30.0,2021-11-08
552,124712.0,08,2021-11-13,0.0,0.0,30.0,2021-11-08
553,124712.0,08,2021-11-14,0.0,0.0,30.0,2021-11-08
577,124712.0,09,2021-11-08,12471220161209.0,10.0,50.0,2021-11-08
578,124712.0,09,2021-11-09,0.0,0.0,50.0,2021-11-08
579,124712.0,09,2021-11-10,0.0,0.0,50.0,2021-11-08
580,124712.0,09,2021-11-11,0.0,0.0,50.0,2021-11-08
581,124712.0,09,2021-11-12,0.0,0.0,50.0,2021-11-08
582,124712.0,09,2021-11-13,0.0,0.0,50.0,2021-11-08
583,124712.0,09,2021-11-14,0.0,0.0,50.0,2021-11-08
494,124712.0,03,2021-11-15,12471220161203.0,35.0,200.0,2021-11-15
495,124712.0,03,2021-11-16,0.0,0.0,200.0,2021-11-15
496,124712.0,03,2021-11-17,0.0,0.0,200.0,2021-11-15
497,124712.0,03,2021-11-18,0.0,0.0,200.0,2021-11-15
498,124712.0,03,2021-11-19,0.0,0.0,200.0,2021-11-15
499,124712.0,03,2021-11-20,0.0,0.0,200.0,2021-11-15
500,124712.0,03,2021-11-21,0.0,0.0,200.0,2021-11-15
524,124712.0,07,2021-11-15,12471220161207.0,2.5,10.0,2021-11-15
525,124712.0,07,2021-11-16,0.0,0.0,10.0,2021-11-15
526,124712.0,07,2021-11-17,0.0,0.0,10.0,2021-11-15
527,124712.0,07,2021-11-18,0.0,0.0,10.0,2021-11-15
528,124712.0,07,2021-11-19,0.0,0.0,10.0,2021-11-15
529,124712.0,07,2021-11-20,0.0,0.0,10.0,2021-11-15
530,124712.0,07,2021-11-21,0.0,0.0,10.0,2021-11-15
554,124712.0,08,2021-11-15,12471220161208.0,35.0,30.0,2021-11-15
555,124712.0,08,2021-11-16,0.0,0.0,30.0,2021-11-15
556,124712.0,08,2021-11-17,0.0,0.0,30.0,2021-11-15
557,124712.0,08,2021-11-18,0.0,0.0,30.0,2021-11-15
558,124712.0,08,2021-11-19,0.0,0.0,30.0,2021-11-15
559,124712.0,08,2021-11-20,0.0,0.0,30.0,2021-11-15
560,124712.0,08,2021-11-21,0.0,0.0,30.0,2021-11-15
584,124712.0,09,2021-11-15,12471220161209.0,12.5,50.0,2021-11-15
585,124712.0,09,2021-11-16,0.0,0.0,50.0,2021-11-15
586,124712.0,09,2021-11-17,0.0,0.0,50.0,2021-11-15
587,124712.0,09,2021-11-18,0.0,0.0,50.0,2021-11-15
588,124712.0,09,2021-11-19,0.0,0.0,50.0,2021-11-15
589,124712.0,09,2021-11-20,0.0,0.0,50.0,2021-11-15
590,124712.0,09,2021-11-21,0.0,0.0,50.0,2021-11-15
501,124712.0,03,2021-11-22,0.0,0.0,200.0,2021-11-22
502,124712.0,03,2021-11-23,0.0,0.0,200.0,2021-11-22
503,124712.0,03,2021-11-24,0.0,0.0,200.0,2021-11-22
504,124712.0,03,2021-11-25,0.0,0.0,200.0,2021-11-22
505,124712.0,03,2021-11-26,0.0,0.0,200.0,2021-11-22
506,124712.0,03,2021-11-27,0.0,0.0,200.0,2021-11-22
507,124712.0,03,2021-11-28,0.0,0.0,200.0,2021-11-22
508,124712.0,03,2021-11-29,0.0,0.0,200.0,2021-11-22
509,124712.0,03,2021-11-30,0.0,0.0,200.0,2021-11-22
531,124712.0,07,2021-11-22,0.0,0.0,10.0,2021-11-22
532,124712.0,07,2021-11-23,0.0,0.0,10.0,2021-11-22
533,124712.0,07,2021-11-24,0.0,0.0,10.0,2021-11-22
534,124712.0,07,2021-11-25,0.0,0.0,10.0,2021-11-22
535,124712.0,07,2021-11-26,0.0,0.0,10.0,2021-11-22
536,124712.0,07,2021-11-27,0.0,0.0,10.0,2021-11-22
537,124712.0,07,2021-11-28,0.0,0.0,10.0,2021-11-22
538,124712.0,07,2021-11-29,0.0,0.0,10.0,2021-11-22
539,124712.0,07,2021-11-30,0.0,0.0,10.0,2021-11-22
561,124712.0,08,2021-11-22,0.0,0.0,30.0,2021-11-22
562,124712.0,08,2021-11-23,0.0,0.0,30.0,2021-11-22
563,124712.0,08,2021-11-24,0.0,0.0,30.0,2021-11-22
564,124712.0,08,2021-11-25,0.0,0.0,30.0,2021-11-22
565,124712.0,08,2021-11-26,0.0,0.0,30.0,2021-11-22
566,124712.0,08,2021-11-27,0.0,0.0,30.0,2021-11-22
567,124712.0,08,2021-11-28,0.0,0.0,30.0,2021-11-22
568,124712.0,08,2021-11-29,0.0,0.0,30.0,2021-11-22
569,124712.0,08,2021-11-30,0.0,0.0,30.0,2021-11-22
591,124712.0,09,2021-11-22,0.0,0.0,50.0,2021-11-22
592,124712.0,09,2021-11-23,0.0,0.0,50.0,2021-11-22
593,124712.0,09,2021-11-24,0.0,0.0,50.0,2021-11-22
594,124712.0,09,2021-11-25,0.0,0.0,50.0,2021-11-22
595,124712.0,09,2021-11-26,0.0,0.0,50.0,2021-11-22
596,124712.0,09,2021-11-27,0.0,0.0,50.0,2021-11-22
597,124712.0,09,2021-11-28,0.0,0.0,50.0,2021-11-22
598,124712.0,09,2021-11-29,0.0,0.0,50.0,2021-11-22
599,124712.0,09,2021-11-30,0.0,0.0,50.0,2021-11-22
600,129681.0,03,2021-11-01,12968120161203.0,203.0,290.0,2021-11-01
601,129681.0,03,2021-11-02,0.0,0.0,290.0,2021-11-01
602,129681.0,03,2021-11-03,0.0,0.0,290.0,2021-11-01
603,129681.0,03,2021-11-04,0.0,0.0,290.0,2021-11-01
604,129681.0,03,2021-11-05,0.0,0.0,290.0,2021-11-01
605,129681.0,03,2021-11-06,0.0,0.0,290.0,2021-11-01
606,129681.0,03,2021-11-07,0.0,0.0,290.0,2021-11-01
630,129681.0,07,2021-11-01,12968120161207.0,21.0,30.0,2021-11-01
631,129681.0,07,2021-11-02,0.0,0.0,30.0,2021-11-01
632,129681.0,07,2021-11-03,0.0,0.0,30.0,2021-11-01
633,129681.0,07,2021-11-04,0.0,0.0,30.0,2021-11-01
634,129681.0,07,2021-11-05,0.0,0.0,30.0,2021-11-01
635,129681.0,07,2021-11-06,0.0,0.0,30.0,2021-11-01
636,129681.0,07,2021-11-07,0.0,0.0,30.0,2021-11-01
660,129681.0,08,2021-11-01,12968120161208.0,40.0,40.0,2021-11-01
661,129681.0,08,2021-11-02,0.0,0.0,40.0,2021-11-01
662,129681.0,08,2021-11-03,0.0,0.0,40.0,2021-11-01
663,129681.0,08,2021-11-04,0.0,0.0,40.0,2021-11-01
664,129681.0,08,2021-11-05,0.0,0.0,40.0,2021-11-01
665,129681.0,08,2021-11-06,0.0,0.0,40.0,2021-11-01
666,129681.0,08,2021-11-07,0.0,0.0,40.0,2021-11-01
690,129681.0,09,2021-11-01,12968120161209.0,70.0,100.0,2021-11-01
691,129681.0,09,2021-11-02,0.0,0.0,100.0,2021-11-01
692,129681.0,09,2021-11-03,0.0,0.0,100.0,2021-11-01
693,129681.0,09,2021-11-04,0.0,0.0,100.0,2021-11-01
694,129681.0,09,2021-11-05,0.0,0.0,100.0,2021-11-01
695,129681.0,09,2021-11-06,0.0,0.0,100.0,2021-11-01
696,129681.0,09,2021-11-07,0.0,0.0,100.0,2021-11-01
607,129681.0,03,2021-11-08,12968120161203.0,12.0,290.0,2021-11-08
608,129681.0,03,2021-11-09,0.0,0.0,290.0,2021-11-08
609,129681.0,03,2021-11-10,0.0,0.0,290.0,2021-11-08
610,129681.0,03,2021-11-11,0.0,0.0,290.0,2021-11-08
611,129681.0,03,2021-11-12,0.0,0.0,290.0,2021-11-08
612,129681.0,03,2021-11-13,0.0,0.0,290.0,2021-11-08
613,129681.0,03,2021-11-14,0.0,0.0,290.0,2021-11-08
637,129681.0,07,2021-11-08,12968120161207.0,12.0,30.0,2021-11-08
638,129681.0,07,2021-11-09,0.0,0.0,30.0,2021-11-08
639,129681.0,07,2021-11-10,0.0,0.0,30.0,2021-11-08
640,129681.0,07,2021-11-11,0.0,0.0,30.0,2021-11-08
641,129681.0,07,2021-11-12,0.0,0.0,30.0,2021-11-08
642,129681.0,07,2021-11-13,0.0,0.0,30.0,2021-11-08
643,129681.0,07,2021-11-14,0.0,0.0,30.0,2021-11-08
667,129681.0,08,2021-11-08,12968120161208.0,12.0,40.0,2021-11-08
668,129681.0,08,2021-11-09,0.0,0.0,40.0,2021-11-08
669,129681.0,08,2021-11-10,0.0,0.0,40.0,2021-11-08
670,129681.0,08,2021-11-11,0.0,0.0,40.0,2021-11-08
671,129681.0,08,2021-11-12,0.0,0.0,40.0,2021-11-08
672,129681.0,08,2021-11-13,0.0,0.0,40.0,2021-11-08
673,129681.0,08,2021-11-14,0.0,0.0,40.0,2021-11-08
697,129681.0,09,2021-11-08,12968120161209.0,12.0,100.0,2021-11-08
698,129681.0,09,2021-11-09,0.0,0.0,100.0,2021-11-08
699,129681.0,09,2021-11-10,0.0,0.0,100.0,2021-11-08
700,129681.0,09,2021-11-11,0.0,0.0,100.0,2021-11-08
701,129681.0,09,2021-11-12,0.0,0.0,100.0,2021-11-08
702,129681.0,09,2021-11-13,0.0,0.0,100.0,2021-11-08
703,129681.0,09,2021-11-14,0.0,0.0,100.0,2021-11-08
614,129681.0,03,2021-11-15,12968120161203.0,35.0,290.0,2021-11-15
615,129681.0,03,2021-11-16,0.0,0.0,290.0,2021-11-15
616,129681.0,03,2021-11-17,0.0,0.0,290.0,2021-11-15
617,129681.0,03,2021-11-18,0.0,0.0,290.0,2021-11-15
618,129681.0,03,2021-11-19,0.0,0.0,290.0,2021-11-15
619,129681.0,03,2021-11-20,0.0,0.0,290.0,2021-11-15
620,129681.0,03,2021-11-21,0.0,0.0,290.0,2021-11-15
644,129681.0,07,2021-11-15,12968120161207.0,35.0,30.0,2021-11-15
645,129681.0,07,2021-11-16,0.0,0.0,30.0,2021-11-15
646,129681.0,07,2021-11-17,0.0,0.0,30.0,2021-11-15
647,129681.0,07,2021-11-18,0.0,0.0,30.0,2021-11-15
648,129681.0,07,2021-11-19,0.0,0.0,30.0,2021-11-15
649,129681.0,07,2021-11-20,0.0,0.0,30.0,2021-11-15
650,129681.0,07,2021-11-21,0.0,0.0,30.0,2021-11-15
674,129681.0,08,2021-11-15,12968120161208.0,35.0,40.0,2021-11-15
675,129681.0,08,2021-11-16,0.0,0.0,40.0,2021-11-15
676,129681.0,08,2021-11-17,0.0,0.0,40.0,2021-11-15
677,129681.0,08,2021-11-18,0.0,0.0,40.0,2021-11-15
678,129681.0,08,2021-11-19,0.0,0.0,40.0,2021-11-15
679,129681.0,08,2021-11-20,0.0,0.0,40.0,2021-11-15
680,129681.0,08,2021-11-21,0.0,0.0,40.0,2021-11-15
704,129681.0,09,2021-11-15,12968120161209.0,35.0,100.0,2021-11-15
705,129681.0,09,2021-11-16,0.0,0.0,100.0,2021-11-15
706,129681.0,09,2021-11-17,0.0,0.0,100.0,2021-11-15
707,129681.0,09,2021-11-18,0.0,0.0,100.0,2021-11-15
708,129681.0,09,2021-11-19,0.0,0.0,100.0,2021-11-15
709,129681.0,09,2021-11-20,0.0,0.0,100.0,2021-11-15
710,129681.0,09,2021-11-21,0.0,0.0,100.0,2021-11-15
621,129681.0,03,2021-11-22,0.0,0.0,290.0,2021-11-22
622,129681.0,03,2021-11-23,0.0,0.0,290.0,2021-11-22
623,129681.0,03,2021-11-24,0.0,0.0,290.0,2021-11-22
624,129681.0,03,2021-11-25,0.0,0.0,290.0,2021-11-22
625,129681.0,03,2021-11-26,0.0,0.0,290.0,2021-11-22
626,129681.0,03,2021-11-27,0.0,0.0,290.0,2021-11-22
627,129681.0,03,2021-11-28,0.0,0.0,290.0,2021-11-22
628,129681.0,03,2021-11-29,0.0,0.0,290.0,2021-11-22
629,129681.0,03,2021-11-30,0.0,0.0,290.0,2021-11-22
651,129681.0,07,2021-11-22,0.0,0.0,30.0,2021-11-22
652,129681.0,07,2021-11-23,0.0,0.0,30.0,2021-11-22
653,129681.0,07,2021-11-24,0.0,0.0,30.0,2021-11-22
654,129681.0,07,2021-11-25,0.0,0.0,30.0,2021-11-22
655,129681.0,07,2021-11-26,0.0,0.0,30.0,2021-11-22
656,129681.0,07,2021-11-27,0.0,0.0,30.0,2021-11-22
657,129681.0,07,2021-11-28,0.0,0.0,30.0,2021-11-22
658,129681.0,07,2021-11-29,0.0,0.0,30.0,2021-11-22
659,129681.0,07,2021-11-30,0.0,0.0,30.0,2021-11-22
681,129681.0,08,2021-11-22,0.0,0.0,40.0,2021-11-22
682,129681.0,08,2021-11-23,0.0,0.0,40.0,2021-11-22
683,129681.0,08,2021-11-24,0.0,0.0,40.0,2021-11-22
684,129681.0,08,2021-11-25,0.0,0.0,40.0,2021-11-22
685,129681.0,08,2021-11-26,0.0,0.0,40.0,2021-11-22
686,129681.0,08,2021-11-27,0.0,0.0,40.0,2021-11-22
687,129681.0,08,2021-11-28,0.0,0.0,40.0,2021-11-22
688,129681.0,08,2021-11-29,0.0,0.0,40.0,2021-11-22
689,129681.0,08,2021-11-30,0.0,0.0,40.0,2021-11-22
711,129681.0,09,2021-11-22,0.0,0.0,100.0,2021-11-22
712,129681.0,09,2021-11-23,0.0,0.0,100.0,2021-11-22
713,129681.0,09,2021-11-24,0.0,0.0,100.0,2021-11-22
714,129681.0,09,2021-11-25,0.0,0.0,100.0,2021-11-22
715,129681.0,09,2021-11-26,0.0,0.0,100.0,2021-11-22
716,129681.0,09,2021-11-27,0.0,0.0,100.0,2021-11-22
717,129681.0,09,2021-11-28,0.0,0.0,100.0,2021-11-22
718,129681.0,09,2021-11-29,0.0,0.0,100.0,2021-11-22
719,129681.0,09,2021-11-30,0.0,0.0,100.0,2021-11-22
720,133485.0,03,2021-11-01,13348520161203.0,102.5,410.0,2021-11-01
721,133485.0,03,2021-11-02,0.0,0.0,410.0,2021-11-01
722,133485.0,03,2021-11-03,0.0,0.0,410.0,2021-11-01
723,133485.0,03,2021-11-04,0.0,0.0,410.0,2021-11-01
724,133485.0,03,2021-11-05,0.0,0.0,410.0,2021-11-01
725,133485.0,03,2021-11-06,0.0,0.0,410.0,2021-11-01
726,133485.0,03,2021-11-07,0.0,0.0,410.0,2021-11-01
750,133485.0,07,2021-11-01,13348520161207.0,0.0,50.0,2021-11-01
751,133485.0,07,2021-11-02,0.0,0.0,50.0,2021-11-01
752,133485.0,07,2021-11-03,0.0,0.0,50.0,2021-11-01
753,133485.0,07,2021-11-04,0.0,0.0,50.0,2021-11-01
754,133485.0,07,2021-11-05,0.0,0.0,50.0,2021-11-01
755,133485.0,07,2021-11-06,0.0,0.0,50.0,2021-11-01
756,133485.0,07,2021-11-07,0.0,0.0,50.0,2021-11-01
780,133485.0,08,2021-11-01,13348520161208.0,16.25,65.0,2021-11-01
781,133485.0,08,2021-11-02,0.0,0.0,65.0,2021-11-01
782,133485.0,08,2021-11-03,0.0,0.0,65.0,2021-11-01
783,133485.0,08,2021-11-04,0.0,0.0,65.0,2021-11-01
784,133485.0,08,2021-11-05,0.0,0.0,65.0,2021-11-01
785,133485.0,08,2021-11-06,0.0,0.0,65.0,2021-11-01
786,133485.0,08,2021-11-07,0.0,0.0,65.0,2021-11-01
810,133485.0,09,2021-11-01,13348520161209.0,40.0,200.0,2021-11-01
811,133485.0,09,2021-11-02,0.0,0.0,200.0,2021-11-01
812,133485.0,09,2021-11-03,0.0,0.0,200.0,2021-11-01
813,133485.0,09,2021-11-04,0.0,0.0,200.0,2021-11-01
814,133485.0,09,2021-11-05,0.0,0.0,200.0,2021-11-01
815,133485.0,09,2021-11-06,0.0,0.0,200.0,2021-11-01
816,133485.0,09,2021-11-07,0.0,0.0,200.0,2021-11-01
727,133485.0,03,2021-11-08,13348520161203.0,12.0,410.0,2021-11-08
728,133485.0,03,2021-11-09,0.0,0.0,410.0,2021-11-08
729,133485.0,03,2021-11-10,0.0,0.0,410.0,2021-11-08
730,133485.0,03,2021-11-11,0.0,0.0,410.0,2021-11-08
731,133485.0,03,2021-11-12,0.0,0.0,410.0,2021-11-08
732,133485.0,03,2021-11-13,0.0,0.0,410.0,2021-11-08
733,133485.0,03,2021-11-14,0.0,0.0,410.0,2021-11-08
757,133485.0,07,2021-11-08,13348520161207.0,12.0,50.0,2021-11-08
758,133485.0,07,2021-11-09,0.0,0.0,50.0,2021-11-08
759,133485.0,07,2021-11-10,0.0,0.0,50.0,2021-11-08
760,133485.0,07,2021-11-11,0.0,0.0,50.0,2021-11-08
761,133485.0,07,2021-11-12,0.0,0.0,50.0,2021-11-08
762,133485.0,07,2021-11-13,0.0,0.0,50.0,2021-11-08
763,133485.0,07,2021-11-14,0.0,0.0,50.0,2021-11-08
787,133485.0,08,2021-11-08,13348520161208.0,12.0,65.0,2021-11-08
788,133485.0,08,2021-11-09,0.0,0.0,65.0,2021-11-08
789,133485.0,08,2021-11-10,0.0,0.0,65.0,2021-11-08
790,133485.0,08,2021-11-11,0.0,0.0,65.0,2021-11-08
791,133485.0,08,2021-11-12,0.0,0.0,65.0,2021-11-08
792,133485.0,08,2021-11-13,0.0,0.0,65.0,2021-11-08
793,133485.0,08,2021-11-14,0.0,0.0,65.0,2021-11-08
817,133485.0,09,2021-11-08,13348520161209.0,50.0,200.0,2021-11-08
818,133485.0,09,2021-11-09,0.0,0.0,200.0,2021-11-08
819,133485.0,09,2021-11-10,0.0,0.0,200.0,2021-11-08
820,133485.0,09,2021-11-11,0.0,0.0,200.0,2021-11-08
821,133485.0,09,2021-11-12,0.0,0.0,200.0,2021-11-08
822,133485.0,09,2021-11-13,0.0,0.0,200.0,2021-11-08
823,133485.0,09,2021-11-14,0.0,0.0,200.0,2021-11-08
734,133485.0,03,2021-11-15,13348520161203.0,35.0,410.0,2021-11-15
735,133485.0,03,2021-11-16,0.0,0.0,410.0,2021-11-15
736,133485.0,03,2021-11-17,0.0,0.0,410.0,2021-11-15
737,133485.0,03,2021-11-18,0.0,0.0,410.0,2021-11-15
738,133485.0,03,2021-11-19,0.0,0.0,410.0,2021-11-15
739,133485.0,03,2021-11-20,0.0,0.0,410.0,2021-11-15
740,133485.0,03,2021-11-21,0.0,0.0,410.0,2021-11-15
764,133485.0,07,2021-11-15,13348520161207.0,35.0,50.0,2021-11-15
765,133485.0,07,2021-11-16,0.0,0.0,50.0,2021-11-15
766,133485.0,07,2021-11-17,0.0,0.0,50.0,2021-11-15
767,133485.0,07,2021-11-18,0.0,0.0,50.0,2021-11-15
768,133485.0,07,2021-11-19,0.0,0.0,50.0,2021-11-15
769,133485.0,07,2021-11-20,0.0,0.0,50.0,2021-11-15
770,133485.0,07,2021-11-21,0.0,0.0,50.0,2021-11-15
794,133485.0,08,2021-11-15,13348520161208.0,35.0,65.0,2021-11-15
795,133485.0,08,2021-11-16,0.0,0.0,65.0,2021-11-15
796,133485.0,08,2021-11-17,0.0,0.0,65.0,2021-11-15
797,133485.0,08,2021-11-18,0.0,0.0,65.0,2021-11-15
798,133485.0,08,2021-11-19,0.0,0.0,65.0,2021-11-15
799,133485.0,08,2021-11-20,0.0,0.0,65.0,2021-11-15
800,133485.0,08,2021-11-21,0.0,0.0,65.0,2021-11-15
824,133485.0,09,2021-11-15,13348520161209.0,30.0,200.0,2021-11-15
825,133485.0,09,2021-11-16,0.0,0.0,200.0,2021-11-15
826,133485.0,09,2021-11-17,0.0,0.0,200.0,2021-11-15
827,133485.0,09,2021-11-18,0.0,0.0,200.0,2021-11-15
828,133485.0,09,2021-11-19,0.0,0.0,200.0,2021-11-15
829,133485.0,09,2021-11-20,0.0,0.0,200.0,2021-11-15
830,133485.0,09,2021-11-21,0.0,0.0,200.0,2021-11-15
741,133485.0,03,2021-11-22,0.0,0.0,410.0,2021-11-22
742,133485.0,03,2021-11-23,0.0,0.0,410.0,2021-11-22
743,133485.0,03,2021-11-24,0.0,0.0,410.0,2021-11-22
744,133485.0,03,2021-11-25,0.0,0.0,410.0,2021-11-22
745,133485.0,03,2021-11-26,0.0,0.0,410.0,2021-11-22
746,133485.0,03,2021-11-27,0.0,0.0,410.0,2021-11-22
747,133485.0,03,2021-11-28,0.0,0.0,410.0,2021-11-22
748,133485.0,03,2021-11-29,0.0,0.0,410.0,2021-11-22
749,133485.0,03,2021-11-30,0.0,0.0,410.0,2021-11-22
771,133485.0,07,2021-11-22,0.0,0.0,50.0,2021-11-22
772,133485.0,07,2021-11-23,0.0,0.0,50.0,2021-11-22
773,133485.0,07,2021-11-24,0.0,0.0,50.0,2021-11-22
774,133485.0,07,2021-11-25,0.0,0.0,50.0,2021-11-22
775,133485.0,07,2021-11-26,0.0,0.0,50.0,2021-11-22
776,133485.0,07,2021-11-27,0.0,0.0,50.0,2021-11-22
777,133485.0,07,2021-11-28,0.0,0.0,50.0,2021-11-22
778,133485.0,07,2021-11-29,0.0,0.0,50.0,2021-11-22
779,133485.0,07,2021-11-30,0.0,0.0,50.0,2021-11-22
801,133485.0,08,2021-11-22,0.0,0.0,65.0,2021-11-22
802,133485.0,08,2021-11-23,0.0,0.0,65.0,2021-11-22
803,133485.0,08,2021-11-24,0.0,0.0,65.0,2021-11-22
804,133485.0,08,2021-11-25,0.0,0.0,65.0,2021-11-22
805,133485.0,08,2021-11-26,0.0,0.0,65.0,2021-11-22
806,133485.0,08,2021-11-27,0.0,0.0,65.0,2021-11-22
807,133485.0,08,2021-11-28,0.0,0.0,65.0,2021-11-22
808,133485.0,08,2021-11-29,0.0,0.0,65.0,2021-11-22
809,133485.0,08,2021-11-30,0.0,0.0,65.0,2021-11-22
831,133485.0,09,2021-11-22,0.0,0.0,200.0,2021-11-22
832,133485.0,09,2021-11-23,0.0,0.0,200.0,2021-11-22
833,133485.0,09,2021-11-24,0.0,0.0,200.0,2021-11-22
834,133485.0,09,2021-11-25,0.0,0.0,200.0,2021-11-22
835,133485.0,09,2021-11-26,0.0,0.0,200.0,2021-11-22
836,133485.0,09,2021-11-27,0.0,0.0,200.0,2021-11-22
837,133485.0,09,2021-11-28,0.0,0.0,200.0,2021-11-22
838,133485.0,09,2021-11-29,0.0,0.0,200.0,2021-11-22
839,133485.0,09,2021-11-30,0.0,0.0,200.0,2021-11-22
840,141056.0,03,2021-11-01,14105620161203.0,225.0,500.0,2021-11-01
841,141056.0,03,2021-11-02,0.0,0.0,500.0,2021-11-01
842,141056.0,03,2021-11-03,0.0,0.0,500.0,2021-11-01
843,141056.0,03,2021-11-04,0.0,0.0,500.0,2021-11-01
844,141056.0,03,2021-11-05,0.0,0.0,500.0,2021-11-01
845,141056.0,03,2021-11-06,0.0,0.0,500.0,2021-11-01
846,141056.0,03,2021-11-07,0.0,0.0,500.0,2021-11-01
870,141056.0,07,2021-11-01,14105620161207.0,36.0,80.0,2021-11-01
871,141056.0,07,2021-11-02,0.0,0.0,80.0,2021-11-01
872,141056.0,07,2021-11-03,0.0,0.0,80.0,2021-11-01
873,141056.0,07,2021-11-04,0.0,0.0,80.0,2021-11-01
874,141056.0,07,2021-11-05,0.0,0.0,80.0,2021-11-01
875,141056.0,07,2021-11-06,0.0,0.0,80.0,2021-11-01
876,141056.0,07,2021-11-07,0.0,0.0,80.0,2021-11-01
900,141056.0,08,2021-11-01,14105620161208.0,150.0,150.0,2021-11-01
901,141056.0,08,2021-11-02,0.0,0.0,150.0,2021-11-01
902,141056.0,08,2021-11-03,0.0,0.0,150.0,2021-11-01
903,141056.0,08,2021-11-04,0.0,0.0,150.0,2021-11-01
904,141056.0,08,2021-11-05,0.0,0.0,150.0,2021-11-01
905,141056.0,08,2021-11-06,0.0,0.0,150.0,2021-11-01
906,141056.0,08,2021-11-07,0.0,0.0,150.0,2021-11-01
930,141056.0,09,2021-11-01,14105620161209.0,120.0,400.0,2021-11-01
931,141056.0,09,2021-11-02,0.0,0.0,400.0,2021-11-01
932,141056.0,09,2021-11-03,0.0,0.0,400.0,2021-11-01
933,141056.0,09,2021-11-04,0.0,0.0,400.0,2021-11-01
934,141056.0,09,2021-11-05,0.0,0.0,400.0,2021-11-01
935,141056.0,09,2021-11-06,0.0,0.0,400.0,2021-11-01
936,141056.0,09,2021-11-07,0.0,0.0,400.0,2021-11-01
847,141056.0,03,2021-11-08,14105620161203.0,12.0,500.0,2021-11-08
848,141056.0,03,2021-11-09,0.0,0.0,500.0,2021-11-08
849,141056.0,03,2021-11-10,0.0,0.0,500.0,2021-11-08
850,141056.0,03,2021-11-11,0.0,0.0,500.0,2021-11-08
851,141056.0,03,2021-11-12,0.0,0.0,500.0,2021-11-08
852,141056.0,03,2021-11-13,0.0,0.0,500.0,2021-11-08
853,141056.0,03,2021-11-14,0.0,0.0,500.0,2021-11-08
877,141056.0,07,2021-11-08,14105620161207.0,12.0,80.0,2021-11-08
878,141056.0,07,2021-11-09,0.0,0.0,80.0,2021-11-08
879,141056.0,07,2021-11-10,0.0,0.0,80.0,2021-11-08
880,141056.0,07,2021-11-11,0.0,0.0,80.0,2021-11-08
881,141056.0,07,2021-11-12,0.0,0.0,80.0,2021-11-08
882,141056.0,07,2021-11-13,0.0,0.0,80.0,2021-11-08
883,141056.0,07,2021-11-14,0.0,0.0,80.0,2021-11-08
907,141056.0,08,2021-11-08,14105620161208.0,12.0,150.0,2021-11-08
908,141056.0,08,2021-11-09,0.0,0.0,150.0,2021-11-08
909,141056.0,08,2021-11-10,0.0,0.0,150.0,2021-11-08
910,141056.0,08,2021-11-11,0.0,0.0,150.0,2021-11-08
911,141056.0,08,2021-11-12,0.0,0.0,150.0,2021-11-08
912,141056.0,08,2021-11-13,0.0,0.0,150.0,2021-11-08
913,141056.0,08,2021-11-14,0.0,0.0,150.0,2021-11-08
937,141056.0,09,2021-11-08,14105620161209.0,80.0,400.0,2021-11-08
938,141056.0,09,2021-11-09,0.0,0.0,400.0,2021-11-08
939,141056.0,09,2021-11-10,0.0,0.0,400.0,2021-11-08
940,141056.0,09,2021-11-11,0.0,0.0,400.0,2021-11-08
941,141056.0,09,2021-11-12,0.0,0.0,400.0,2021-11-08
942,141056.0,09,2021-11-13,0.0,0.0,400.0,2021-11-08
943,141056.0,09,2021-11-14,0.0,0.0,400.0,2021-11-08
854,141056.0,03,2021-11-15,14105620161203.0,35.0,500.0,2021-11-15
855,141056.0,03,2021-11-16,0.0,0.0,500.0,2021-11-15
856,141056.0,03,2021-11-17,0.0,0.0,500.0,2021-11-15
857,141056.0,03,2021-11-18,0.0,0.0,500.0,2021-11-15
858,141056.0,03,2021-11-19,0.0,0.0,500.0,2021-11-15
859,141056.0,03,2021-11-20,0.0,0.0,500.0,2021-11-15
860,141056.0,03,2021-11-21,0.0,0.0,500.0,2021-11-15
884,141056.0,07,2021-11-15,14105620161207.0,35.0,80.0,2021-11-15
885,141056.0,07,2021-11-16,0.0,0.0,80.0,2021-11-15
886,141056.0,07,2021-11-17,0.0,0.0,80.0,2021-11-15
887,141056.0,07,2021-11-18,0.0,0.0,80.0,2021-11-15
888,141056.0,07,2021-11-19,0.0,0.0,80.0,2021-11-15
889,141056.0,07,2021-11-20,0.0,0.0,80.0,2021-11-15
890,141056.0,07,2021-11-21,0.0,0.0,80.0,2021-11-15
914,141056.0,08,2021-11-15,14105620161208.0,35.0,150.0,2021-11-15
915,141056.0,08,2021-11-16,0.0,0.0,150.0,2021-11-15
916,141056.0,08,2021-11-17,0.0,0.0,150.0,2021-11-15
917,141056.0,08,2021-11-18,0.0,0.0,150.0,2021-11-15
918,141056.0,08,2021-11-19,0.0,0.0,150.0,2021-11-15
919,141056.0,08,2021-11-20,0.0,0.0,150.0,2021-11-15
920,141056.0,08,2021-11-21,0.0,0.0,150.0,2021-11-15
944,141056.0,09,2021-11-15,14105620161209.0,100.0,400.0,2021-11-15
945,141056.0,09,2021-11-16,0.0,0.0,400.0,2021-11-15
946,141056.0,09,2021-11-17,0.0,0.0,400.0,2021-11-15
947,141056.0,09,2021-11-18,0.0,0.0,400.0,2021-11-15
948,141056.0,09,2021-11-19,0.0,0.0,400.0,2021-11-15
949,141056.0,09,2021-11-20,0.0,0.0,400.0,2021-11-15
950,141056.0,09,2021-11-21,0.0,0.0,400.0,2021-11-15
861,141056.0,03,2021-11-22,0.0,0.0,500.0,2021-11-22
862,141056.0,03,2021-11-23,0.0,0.0,500.0,2021-11-22
863,141056.0,03,2021-11-24,0.0,0.0,500.0,2021-11-22
864,141056.0,03,2021-11-25,0.0,0.0,500.0,2021-11-22
865,141056.0,03,2021-11-26,0.0,0.0,500.0,2021-11-22
866,141056.0,03,2021-11-27,0.0,0.0,500.0,2021-11-22
867,141056.0,03,2021-11-28,0.0,0.0,500.0,2021-11-22
868,141056.0,03,2021-11-29,0.0,0.0,500.0,2021-11-22
869,141056.0,03,2021-11-30,0.0,0.0,500.0,2021-11-22
891,141056.0,07,2021-11-22,0.0,0.0,80.0,2021-11-22
892,141056.0,07,2021-11-23,0.0,0.0,80.0,2021-11-22
893,141056.0,07,2021-11-24,0.0,0.0,80.0,2021-11-22
894,141056.0,07,2021-11-25,0.0,0.0,80.0,2021-11-22
895,141056.0,07,2021-11-26,0.0,0.0,80.0,2021-11-22
896,141056.0,07,2021-11-27,0.0,0.0,80.0,2021-11-22
897,141056.0,07,2021-11-28,0.0,0.0,80.0,2021-11-22
898,141056.0,07,2021-11-29,0.0,0.0,80.0,2021-11-22
899,141056.0,07,2021-11-30,0.0,0.0,80.0,2021-11-22
921,141056.0,08,2021-11-22,0.0,0.0,150.0,2021-11-22
922,141056.0,08,2021-11-23,0.0,0.0,150.0,2021-11-22
923,141056.0,08,2021-11-24,0.0,0.0,150.0,2021-11-22
924,141056.0,08,2021-11-25,0.0,0.0,150.0,2021-11-22
925,141056.0,08,2021-11-26,0.0,0.0,150.0,2021-11-22
926,141056.0,08,2021-11-27,0.0,0.0,150.0,2021-11-22
927,141056.0,08,2021-11-28,0.0,0.0,150.0,2021-11-22
928,141056.0,08,2021-11-29,0.0,0.0,150.0,2021-11-22
929,141056.0,08,2021-11-30,0.0,0.0,150.0,2021-11-22
951,141056.0,09,2021-11-22,0.0,0.0,400.0,2021-11-22
952,141056.0,09,2021-11-23,0.0,0.0,400.0,2021-11-22
953,141056.0,09,2021-11-24,0.0,0.0,400.0,2021-11-22
954,141056.0,09,2021-11-25,0.0,0.0,400.0,2021-11-22
955,141056.0,09,2021-11-26,0.0,0.0,400.0,2021-11-22
956,141056.0,09,2021-11-27,0.0,0.0,400.0,2021-11-22
957,141056.0,09,2021-11-28,0.0,0.0,400.0,2021-11-22
958,141056.0,09,2021-11-29,0.0,0.0,400.0,2021-11-22
959,141056.0,09,2021-11-30,0.0,0.0,400.0,2021-11-22
960,144029.0,03,2021-11-01,14402920161203.0,80.0,200.0,2021-11-01
961,144029.0,03,2021-11-02,0.0,0.0,200.0,2021-11-01
962,144029.0,03,2021-11-03,0.0,0.0,200.0,2021-11-01
963,144029.0,03,2021-11-04,0.0,0.0,200.0,2021-11-01
964,144029.0,03,2021-11-05,0.0,0.0,200.0,2021-11-01
965,144029.0,03,2021-11-06,0.0,0.0,200.0,2021-11-01
966,144029.0,03,2021-11-07,0.0,0.0,200.0,2021-11-01
990,144029.0,07,2021-11-01,14402920161207.0,10.0,10.0,2021-11-01
991,144029.0,07,2021-11-02,0.0,0.0,10.0,2021-11-01
992,144029.0,07,2021-11-03,0.0,0.0,10.0,2021-11-01
993,144029.0,07,2021-11-04,0.0,0.0,10.0,2021-11-01
994,144029.0,07,2021-11-05,0.0,0.0,10.0,2021-11-01
995,144029.0,07,2021-11-06,0.0,0.0,10.0,2021-11-01
996,144029.0,07,2021-11-07,0.0,0.0,10.0,2021-11-01
1020,144029.0,08,2021-11-01,14402920161208.0,10.5,30.0,2021-11-01
1021,144029.0,08,2021-11-02,0.0,0.0,30.0,2021-11-01
1022,144029.0,08,2021-11-03,0.0,0.0,30.0,2021-11-01
1023,144029.0,08,2021-11-04,0.0,0.0,30.0,2021-11-01
1024,144029.0,08,2021-11-05,0.0,0.0,30.0,2021-11-01
1025,144029.0,08,2021-11-06,0.0,0.0,30.0,2021-11-01
1026,144029.0,08,2021-11-07,0.0,0.0,30.0,2021-11-01
1050,144029.0,09,2021-11-01,14402920161209.0,20.0,50.0,2021-11-01
1051,144029.0,09,2021-11-02,0.0,0.0,50.0,2021-11-01
1052,144029.0,09,2021-11-03,0.0,0.0,50.0,2021-11-01
1053,144029.0,09,2021-11-04,0.0,0.0,50.0,2021-11-01
1054,144029.0,09,2021-11-05,0.0,0.0,50.0,2021-11-01
1055,144029.0,09,2021-11-06,0.0,0.0,50.0,2021-11-01
1056,144029.0,09,2021-11-07,0.0,0.0,50.0,2021-11-01
967,144029.0,03,2021-11-08,14402920161203.0,40.0,200.0,2021-11-08
968,144029.0,03,2021-11-09,0.0,0.0,200.0,2021-11-08
969,144029.0,03,2021-11-10,0.0,0.0,200.0,2021-11-08
970,144029.0,03,2021-11-11,0.0,0.0,200.0,2021-11-08
971,144029.0,03,2021-11-12,0.0,0.0,200.0,2021-11-08
972,144029.0,03,2021-11-13,0.0,0.0,200.0,2021-11-08
973,144029.0,03,2021-11-14,0.0,0.0,200.0,2021-11-08
997,144029.0,07,2021-11-08,14402920161207.0,12.0,10.0,2021-11-08
998,144029.0,07,2021-11-09,0.0,0.0,10.0,2021-11-08
999,144029.0,07,2021-11-10,0.0,0.0,10.0,2021-11-08
1000,144029.0,07,2021-11-11,0.0,0.0,10.0,2021-11-08
1001,144029.0,07,2021-11-12,0.0,0.0,10.0,2021-11-08
1002,144029.0,07,2021-11-13,0.0,0.0,10.0,2021-11-08
1003,144029.0,07,2021-11-14,0.0,0.0,10.0,2021-11-08
1027,144029.0,08,2021-11-08,14402920161208.0,12.0,30.0,2021-11-08
1028,144029.0,08,2021-11-09,0.0,0.0,30.0,2021-11-08
1029,144029.0,08,2021-11-10,0.0,0.0,30.0,2021-11-08
1030,144029.0,08,2021-11-11,0.0,0.0,30.0,2021-11-08
1031,144029.0,08,2021-11-12,0.0,0.0,30.0,2021-11-08
1032,144029.0,08,2021-11-13,0.0,0.0,30.0,2021-11-08
1033,144029.0,08,2021-11-14,0.0,0.0,30.0,2021-11-08
1057,144029.0,09,2021-11-08,14402920161209.0,10.0,50.0,2021-11-08
1058,144029.0,09,2021-11-09,0.0,0.0,50.0,2021-11-08
1059,144029.0,09,2021-11-10,0.0,0.0,50.0,2021-11-08
1060,144029.0,09,2021-11-11,0.0,0.0,50.0,2021-11-08
1061,144029.0,09,2021-11-12,0.0,0.0,50.0,2021-11-08
1062,144029.0,09,2021-11-13,0.0,0.0,50.0,2021-11-08
1063,144029.0,09,2021-11-14,0.0,0.0,50.0,2021-11-08
974,144029.0,03,2021-11-15,14402920161203.0,20.0,200.0,2021-11-15
975,144029.0,03,2021-11-16,0.0,0.0,200.0,2021-11-15
976,144029.0,03,2021-11-17,0.0,0.0,200.0,2021-11-15
977,144029.0,03,2021-11-18,0.0,0.0,200.0,2021-11-15
978,144029.0,03,2021-11-19,0.0,0.0,200.0,2021-11-15
979,144029.0,03,2021-11-20,0.0,0.0,200.0,2021-11-15
980,144029.0,03,2021-11-21,0.0,0.0,200.0,2021-11-15
1004,144029.0,07,2021-11-15,14402920161207.0,35.0,10.0,2021-11-15
1005,144029.0,07,2021-11-16,0.0,0.0,10.0,2021-11-15
1006,144029.0,07,2021-11-17,0.0,0.0,10.0,2021-11-15
1007,144029.0,07,2021-11-18,0.0,0.0,10.0,2021-11-15
1008,144029.0,07,2021-11-19,0.0,0.0,10.0,2021-11-15
1009,144029.0,07,2021-11-20,0.0,0.0,10.0,2021-11-15
1010,144029.0,07,2021-11-21,0.0,0.0,10.0,2021-11-15
1034,144029.0,08,2021-11-15,14402920161208.0,35.0,30.0,2021-11-15
1035,144029.0,08,2021-11-16,0.0,0.0,30.0,2021-11-15
1036,144029.0,08,2021-11-17,0.0,0.0,30.0,2021-11-15
1037,144029.0,08,2021-11-18,0.0,0.0,30.0,2021-11-15
1038,144029.0,08,2021-11-19,0.0,0.0,30.0,2021-11-15
1039,144029.0,08,2021-11-20,0.0,0.0,30.0,2021-11-15
1040,144029.0,08,2021-11-21,0.0,0.0,30.0,2021-11-15
1064,144029.0,09,2021-11-15,14402920161209.0,5.0,50.0,2021-11-15
1065,144029.0,09,2021-11-16,0.0,0.0,50.0,2021-11-15
1066,144029.0,09,2021-11-17,0.0,0.0,50.0,2021-11-15
1067,144029.0,09,2021-11-18,0.0,0.0,50.0,2021-11-15
1068,144029.0,09,2021-11-19,0.0,0.0,50.0,2021-11-15
1069,144029.0,09,2021-11-20,0.0,0.0,50.0,2021-11-15
1070,144029.0,09,2021-11-21,0.0,0.0,50.0,2021-11-15
981,144029.0,03,2021-11-22,0.0,0.0,200.0,2021-11-22
982,144029.0,03,2021-11-23,0.0,0.0,200.0,2021-11-22
983,144029.0,03,2021-11-24,0.0,0.0,200.0,2021-11-22
984,144029.0,03,2021-11-25,0.0,0.0,200.0,2021-11-22
985,144029.0,03,2021-11-26,0.0,0.0,200.0,2021-11-22
986,144029.0,03,2021-11-27,0.0,0.0,200.0,2021-11-22
987,144029.0,03,2021-11-28,0.0,0.0,200.0,2021-11-22
988,144029.0,03,2021-11-29,0.0,0.0,200.0,2021-11-22
989,144029.0,03,2021-11-30,0.0,0.0,200.0,2021-11-22
1011,144029.0,07,2021-11-22,0.0,0.0,10.0,2021-11-22
1012,144029.0,07,2021-11-23,0.0,0.0,10.0,2021-11-22
1013,144029.0,07,2021-11-24,0.0,0.0,10.0,2021-11-22
1014,144029.0,07,2021-11-25,0.0,0.0,10.0,2021-11-22
1015,144029.0,07,2021-11-26,0.0,0.0,10.0,2021-11-22
1016,144029.0,07,2021-11-27,0.0,0.0,10.0,2021-11-22
1017,144029.0,07,2021-11-28,0.0,0.0,10.0,2021-11-22
1018,144029.0,07,2021-11-29,0.0,0.0,10.0,2021-11-22
1019,144029.0,07,2021-11-30,0.0,0.0,10.0,2021-11-22
1041,144029.0,08,2021-11-22,0.0,0.0,30.0,2021-11-22
1042,144029.0,08,2021-11-23,0.0,0.0,30.0,2021-11-22
1043,144029.0,08,2021-11-24,0.0,0.0,30.0,2021-11-22
1044,144029.0,08,2021-11-25,0.0,0.0,30.0,2021-11-22
1045,144029.0,08,2021-11-26,0.0,0.0,30.0,2021-11-22
1046,144029.0,08,2021-11-27,0.0,0.0,30.0,2021-11-22
1047,144029.0,08,2021-11-28,0.0,0.0,30.0,2021-11-22
1048,144029.0,08,2021-11-29,0.0,0.0,30.0,2021-11-22
1049,144029.0,08,2021-11-30,0.0,0.0,30.0,2021-11-22
1071,144029.0,09,2021-11-22,0.0,0.0,50.0,2021-11-22
1072,144029.0,09,2021-11-23,0.0,0.0,50.0,2021-11-22
1073,144029.0,09,2021-11-24,0.0,0.0,50.0,2021-11-22
1074,144029.0,09,2021-11-25,0.0,0.0,50.0,2021-11-22
1075,144029.0,09,2021-11-26,0.0,0.0,50.0,2021-11-22
1076,144029.0,09,2021-11-27,0.0,0.0,50.0,2021-11-22
1077,144029.0,09,2021-11-28,0.0,0.0,50.0,2021-11-22
1078,144029.0,09,2021-11-29,0.0,0.0,50.0,2021-11-22
1079,144029.0,09,2021-11-30,0.0,0.0,50.0,2021-11-22
1080,148861.0,03,2021-11-01,14886120161203.0,232.0,290.0,2021-11-01
1081,148861.0,03,2021-11-02,0.0,0.0,290.0,2021-11-01
1082,148861.0,03,2021-11-03,0.0,0.0,290.0,2021-11-01
1083,148861.0,03,2021-11-04,0.0,0.0,290.0,2021-11-01
1084,148861.0,03,2021-11-05,0.0,0.0,290.0,2021-11-01
1085,148861.0,03,2021-11-06,0.0,0.0,290.0,2021-11-01
1086,148861.0,03,2021-11-07,0.0,0.0,290.0,2021-11-01
1110,148861.0,07,2021-11-01,14886120161207.0,6.0,30.0,2021-11-01
1111,148861.0,07,2021-11-02,0.0,0.0,30.0,2021-11-01
1112,148861.0,07,2021-11-03,0.0,0.0,30.0,2021-11-01
1113,148861.0,07,2021-11-04,0.0,0.0,30.0,2021-11-01
1114,148861.0,07,2021-11-05,0.0,0.0,30.0,2021-11-01
1115,148861.0,07,2021-11-06,0.0,0.0,30.0,2021-11-01
1116,148861.0,07,2021-11-07,0.0,0.0,30.0,2021-11-01
1140,148861.0,08,2021-11-01,14886120161208.0,32.0,40.0,2021-11-01
1141,148861.0,08,2021-11-02,0.0,0.0,40.0,2021-11-01
1142,148861.0,08,2021-11-03,0.0,0.0,40.0,2021-11-01
1143,148861.0,08,2021-11-04,0.0,0.0,40.0,2021-11-01
1144,148861.0,08,2021-11-05,0.0,0.0,40.0,2021-11-01
1145,148861.0,08,2021-11-06,0.0,0.0,40.0,2021-11-01
1146,148861.0,08,2021-11-07,0.0,0.0,40.0,2021-11-01
1170,148861.0,09,2021-11-01,14886120161209.0,20.0,100.0,2021-11-01
1171,148861.0,09,2021-11-02,0.0,0.0,100.0,2021-11-01
1172,148861.0,09,2021-11-03,0.0,0.0,100.0,2021-11-01
1173,148861.0,09,2021-11-04,0.0,0.0,100.0,2021-11-01
1174,148861.0,09,2021-11-05,0.0,0.0,100.0,2021-11-01
1175,148861.0,09,2021-11-06,0.0,0.0,100.0,2021-11-01
1176,148861.0,09,2021-11-07,0.0,0.0,100.0,2021-11-01
1087,148861.0,03,2021-11-08,14886120161203.0,12.0,290.0,2021-11-08
1088,148861.0,03,2021-11-09,0.0,0.0,290.0,2021-11-08
1089,148861.0,03,2021-11-10,0.0,0.0,290.0,2021-11-08
1090,148861.0,03,2021-11-11,0.0,0.0,290.0,2021-11-08
1091,148861.0,03,2021-11-12,0.0,0.0,290.0,2021-11-08
1092,148861.0,03,2021-11-13,0.0,0.0,290.0,2021-11-08
1093,148861.0,03,2021-11-14,0.0,0.0,290.0,2021-11-08
1117,148861.0,07,2021-11-08,14886120161207.0,7.5,30.0,2021-11-08
1118,148861.0,07,2021-11-09,0.0,0.0,30.0,2021-11-08
1119,148861.0,07,2021-11-10,0.0,0.0,30.0,2021-11-08
1120,148861.0,07,2021-11-11,0.0,0.0,30.0,2021-11-08
1121,148861.0,07,2021-11-12,0.0,0.0,30.0,2021-11-08
1122,148861.0,07,2021-11-13,0.0,0.0,30.0,2021-11-08
1123,148861.0,07,2021-11-14,0.0,0.0,30.0,2021-11-08
1147,148861.0,08,2021-11-08,14886120161208.0,12.0,40.0,2021-11-08
1148,148861.0,08,2021-11-09,0.0,0.0,40.0,2021-11-08
1149,148861.0,08,2021-11-10,0.0,0.0,40.0,2021-11-08
1150,148861.0,08,2021-11-11,0.0,0.0,40.0,2021-11-08
1151,148861.0,08,2021-11-12,0.0,0.0,40.0,2021-11-08
1152,148861.0,08,2021-11-13,0.0,0.0,40.0,2021-11-08
1153,148861.0,08,2021-11-14,0.0,0.0,40.0,2021-11-08
1177,148861.0,09,2021-11-08,14886120161209.0,25.0,100.0,2021-11-08
1178,148861.0,09,2021-11-09,0.0,0.0,100.0,2021-11-08
1179,148861.0,09,2021-11-10,0.0,0.0,100.0,2021-11-08
1180,148861.0,09,2021-11-11,0.0,0.0,100.0,2021-11-08
1181,148861.0,09,2021-11-12,0.0,0.0,100.0,2021-11-08
1182,148861.0,09,2021-11-13,0.0,0.0,100.0,2021-11-08
1183,148861.0,09,2021-11-14,0.0,0.0,100.0,2021-11-08
1094,148861.0,03,2021-11-15,14886120161203.0,35.0,290.0,2021-11-15
1095,148861.0,03,2021-11-16,0.0,0.0,290.0,2021-11-15
1096,148861.0,03,2021-11-17,0.0,0.0,290.0,2021-11-15
1097,148861.0,03,2021-11-18,0.0,0.0,290.0,2021-11-15
1098,148861.0,03,2021-11-19,0.0,0.0,290.0,2021-11-15
1099,148861.0,03,2021-11-20,0.0,0.0,290.0,2021-11-15
1100,148861.0,03,2021-11-21,0.0,0.0,290.0,2021-11-15
1124,148861.0,07,2021-11-15,14886120161207.0,4.5,30.0,2021-11-15
1125,148861.0,07,2021-11-16,0.0,0.0,30.0,2021-11-15
1126,148861.0,07,2021-11-17,0.0,0.0,30.0,2021-11-15
1127,148861.0,07,2021-11-18,0.0,0.0,30.0,2021-11-15
1128,148861.0,07,2021-11-19,0.0,0.0,30.0,2021-11-15
1129,148861.0,07,2021-11-20,0.0,0.0,30.0,2021-11-15
1130,148861.0,07,2021-11-21,0.0,0.0,30.0,2021-11-15
1154,148861.0,08,2021-11-15,14886120161208.0,35.0,40.0,2021-11-15
1155,148861.0,08,2021-11-16,0.0,0.0,40.0,2021-11-15
1156,148861.0,08,2021-11-17,0.0,0.0,40.0,2021-11-15
1157,148861.0,08,2021-11-18,0.0,0.0,40.0,2021-11-15
1158,148861.0,08,2021-11-19,0.0,0.0,40.0,2021-11-15
1159,148861.0,08,2021-11-20,0.0,0.0,40.0,2021-11-15
1160,148861.0,08,2021-11-21,0.0,0.0,40.0,2021-11-15
1184,148861.0,09,2021-11-15,14886120161209.0,15.0,100.0,2021-11-15
1185,148861.0,09,2021-11-16,0.0,0.0,100.0,2021-11-15
1186,148861.0,09,2021-11-17,0.0,0.0,100.0,2021-11-15
1187,148861.0,09,2021-11-18,0.0,0.0,100.0,2021-11-15
1188,148861.0,09,2021-11-19,0.0,0.0,100.0,2021-11-15
1189,148861.0,09,2021-11-20,0.0,0.0,100.0,2021-11-15
1190,148861.0,09,2021-11-21,0.0,0.0,100.0,2021-11-15
1101,148861.0,03,2021-11-22,0.0,0.0,290.0,2021-11-22
1102,148861.0,03,2021-11-23,0.0,0.0,290.0,2021-11-22
1103,148861.0,03,2021-11-24,0.0,0.0,290.0,2021-11-22
1104,148861.0,03,2021-11-25,0.0,0.0,290.0,2021-11-22
1105,148861.0,03,2021-11-26,0.0,0.0,290.0,2021-11-22
1106,148861.0,03,2021-11-27,0.0,0.0,290.0,2021-11-22
1107,148861.0,03,2021-11-28,0.0,0.0,290.0,2021-11-22
1108,148861.0,03,2021-11-29,0.0,0.0,290.0,2021-11-22
1109,148861.0,03,2021-11-30,0.0,0.0,290.0,2021-11-22
1131,148861.0,07,2021-11-22,0.0,0.0,30.0,2021-11-22
1132,148861.0,07,2021-11-23,0.0,0.0,30.0,2021-11-22
1133,148861.0,07,2021-11-24,0.0,0.0,30.0,2021-11-22
1134,148861.0,07,2021-11-25,0.0,0.0,30.0,2021-11-22
1135,148861.0,07,2021-11-26,0.0,0.0,30.0,2021-11-22
1136,148861.0,07,2021-11-27,0.0,0.0,30.0,2021-11-22
1137,148861.0,07,2021-11-28,0.0,0.0,30.0,2021-11-22
1138,148861.0,07,2021-11-29,0.0,0.0,30.0,2021-11-22
1139,148861.0,07,2021-11-30,0.0,0.0,30.0,2021-11-22
1161,148861.0,08,2021-11-22,0.0,0.0,40.0,2021-11-22
1162,148861.0,08,2021-11-23,0.0,0.0,40.0,2021-11-22
1163,148861.0,08,2021-11-24,0.0,0.0,40.0,2021-11-22
1164,148861.0,08,2021-11-25,0.0,0.0,40.0,2021-11-22
1165,148861.0,08,2021-11-26,0.0,0.0,40.0,2021-11-22
1166,148861.0,08,2021-11-27,0.0,0.0,40.0,2021-11-22
1167,148861.0,08,2021-11-28,0.0,0.0,40.0,2021-11-22
1168,148861.0,08,2021-11-29,0.0,0.0,40.0,2021-11-22
1169,148861.0,08,2021-11-30,0.0,0.0,40.0,2021-11-22
1191,148861.0,09,2021-11-22,0.0,0.0,100.0,2021-11-22
1192,148861.0,09,2021-11-23,0.0,0.0,100.0,2021-11-22
1193,148861.0,09,2021-11-24,0.0,0.0,100.0,2021-11-22
1194,148861.0,09,2021-11-25,0.0,0.0,100.0,2021-11-22
1195,148861.0,09,2021-11-26,0.0,0.0,100.0,2021-11-22
1196,148861.0,09,2021-11-27,0.0,0.0,100.0,2021-11-22
1197,148861.0,09,2021-11-28,0.0,0.0,100.0,2021-11-22
1198,148861.0,09,2021-11-29,0.0,0.0,100.0,2021-11-22
1199,148861.0,09,2021-11-30,0.0,0.0,100.0,2021-11-22
